h_hood,Albany Park,Altgeld Gardens,Andersonville,Arcadia Terrace,Archer Heights,Ashburn,Avalon Park,Avondale,Back of the Yards,Belmont Central,Belmont Gardens,Belmont Heights,Belmont Terrace,Beverly,Big Oaks,Bowmanville,Brainerd,Bridgeport,Brighton Park,Bronzeville,Bucktown,Budlong Woods,Buena Park,Burnside,Cabrini Green,Calumet Heights,Calumet River,Canaryville,Chatham,Chicago Lawn,Chicago Midway Airport,Chinatown,Chrysler Village,Clearing (W),Cragin,Douglas Park,Dunning,East Beverly,East Chatham,East Garfield Park,East Pilsen,East Side,East Ukrainian Village,Edgebrook,Edgewater,Edgewater Beach,Edison Park,Englewood,Fernwood,Fifth City,Ford City,Forest Glen,Fuller Park,Gage Park,Galewood,Garfield Ridge,Gladstone Park,Gold Coast,Goose Island,Graceland West,Grand Crossing,Gresham,Hanson Park,Heart of Chicago,Hegewisch,Hermosa,Hollywood Park,Homan Square,Humboldt Park,Hyde Park,Ida B. Wells - Darrow Homes,Illinois Medical District,Irving Park,Irving Woods,Jefferson Park,Kelvin Park,Kennedy Park,Kenwood,Kilbourn Park,Lake Calumet,Lake Meadows,Lake View,Lake View East,Lathrop Homes,LeClaire Courts,Lincoln Park,Lincoln Square,Little Calumet River,Little Village,Logan Square,Longwood Manor,Magnolia Glen,Margate Park,Marquette Park,Marycrest,Mayfair,McKinley Park,Montclare,Morgan Park,Mount Greenwood,Mount Greenwood Heights,Near North,Near West Side,Noble Square,North Austin,North Center,North Kenwood,North Mayfair,North Park,Norwood Park East,Norwood Park West,O'Hare,O'Hare International Airport,Oakland,Old Irving Park,Old Norwood Park,Old Town,Old Town Triangle,Oriole Park,Palmer Square,Park Manor,Park West,Peterson Park,Pill Hill,Pilsen,Portage Park,Prairie Shores,Princeton Park,Pulaski Park,Pullman,Ranch Triangle,Ravenswood,Ravenswood Gardens,Ravenswood Manor,River North,River West,Rogers Park,Roscoe Village,Roseland,Rosemoor,Sauganash,Sauganash Woods,Schorsch Village,Scottsdale,Sheffield Neighbors,Sheridan Park,Sleepy Hollow,South Austin,South Chicago,South Commons,South East Ravenswood,South Loop,South Shore,Stateway Gardens,Stony Island Park,Streeterville,The Bush,The Gap,The Loop,The Robert Taylor Homes,Tri-Taylor,Ukrainian Village,Union Ridge,University Village - Little Italy,Uptown,Vittum Park,Washington Heights,Washington Park,West Beverly,West Chatham,West Chesterfield,West De Paul,West Elsdon,West Englewood,West Garfield Park,West Humboldt Park,West Lawn,West Loop Gate,West Morgan Park,West Pullman,West Rogers Park,West Town,West Woodlawn,Wicker Park,Wildwood,Wolf Lake,Woodlawn,Wrightwood,Wrightwood Neighbors,Wrigleyville
Albany Park,593,0,36,31,116,2,4,200,45,30,48,22,0,2,7,36,6,49,52,394,187,53,51,0,1,4,2,0,2,14,9,3,1,7,35,7,115,1,23,78,4,0,15,40,49,203,51,15,2,1,31,21,9,27,25,15,20,64,83,46,0,4,2,17,1,47,22,1,148,49,0,65,107,1,170,12,0,0,34,19,1,381,191,32,0,108,2,1,97,170,2,19,13,15,2,43,9,62,10,7,2,378,117,20,16,103,0,36,143,38,73,89,972,0,156,14,46,18,12,34,2,38,23,11,51,143,1,0,60,0,46,399,26,32,353,16,124,45,1,0,15,105,6,8,48,5,3,61,3,2,35,354,14,0,1,627,0,1,2261,0,3,6,5,29,82,1,0,0,2,6,0,12,10,17,18,39,16,246,0,5,196,178,0,53,4,0,9,5,52,22
Altgeld Gardens,1,19,1,1,10,2,3,3,3,1,1,1,0,1,0,0,4,6,2,24,7,0,1,7,0,2,0,0,3,7,0,2,0,0,0,2,5,0,1,0,0,6,0,3,1,1,4,12,6,0,2,0,3,3,1,5,1,0,3,0,9,9,0,1,3,1,1,0,4,17,2,4,0,0,1,0,1,0,1,32,0,4,6,2,0,4,0,1,7,3,1,0,0,1,0,0,0,1,17,0,0,23,7,1,2,1,0,0,2,1,0,2,38,0,4,0,0,0,0,0,0,2,1,5,6,1,0,1,0,1,0,1,1,0,54,2,4,1,13,2,0,0,0,2,2,0,1,8,0,3,0,50,6,0,5,42,0,1,198,0,0,0,1,2,2,0,0,1,4,3,7,0,0,1,1,2,1,32,0,9,1,16,0,0,0,0,10,1,0,0
Andersonville,10,0,165,2,10,0,0,12,5,1,5,0,0,0,2,19,0,5,7,34,20,10,11,0,0,0,0,0,2,1,2,4,0,0,3,0,5,2,2,16,1,0,3,8,11,52,11,3,0,0,4,0,2,1,1,3,3,13,24,17,0,1,1,3,1,4,2,0,15,20,0,17,2,0,16,0,0,1,2,2,1,98,47,1,0,39,2,0,5,22,0,12,10,2,0,1,1,3,0,2,0,118,34,6,0,15,0,3,33,2,4,5,84,1,11,0,7,6,0,4,1,32,1,1,12,3,0,0,11,0,12,109,3,3,119,10,33,17,0,0,6,6,2,2,14,11,0,15,0,0,1,96,4,0,2,185,0,1,854,0,0,1,0,11,20,0,1,1,1,1,0,3,0,4,1,3,0,76,0,0,13,38,0,2,0,0,3,0,14,16
Arcadia Terrace,17,0,12,21,4,2,0,12,9,3,1,1,0,0,1,7,0,12,11,25,4,13,1,0,0,0,0,0,0,0,0,7,0,0,2,1,4,0,1,5,0,0,1,6,9,29,5,2,0,0,1,1,0,0,6,2,2,5,11,8,0,0,0,2,0,3,2,0,6,7,0,10,5,0,29,0,0,0,2,1,0,21,20,9,0,14,1,0,8,7,1,6,2,1,0,2,1,0,1,0,0,24,14,1,0,10,0,4,19,4,4,10,64,0,9,0,1,3,2,4,0,6,3,2,2,4,0,0,16,0,2,38,1,6,37,2,27,3,0,0,10,10,0,2,4,0,0,4,0,0,5,38,1,0,0,72,0,0,256,0,0,0,0,1,10,0,0,0,0,2,0,2,1,0,4,2,1,21,0,0,79,13,0,8,2,0,0,0,0,2
Archer Heights,76,3,14,7,1075,12,2,75,302,34,46,17,1,4,5,16,7,155,178,362,86,8,18,6,3,4,1,1,7,21,25,18,2,32,31,84,69,2,28,143,4,10,13,11,14,44,53,19,4,9,49,26,19,83,72,200,6,28,80,14,10,28,7,59,2,62,14,11,120,37,1,182,14,2,61,10,1,3,21,28,1,95,59,28,1,54,0,9,328,137,0,2,4,45,8,3,48,76,42,6,2,201,223,3,33,17,0,11,25,23,35,44,416,0,61,2,24,18,14,8,25,15,2,5,207,55,15,2,25,2,11,73,6,4,321,22,39,13,13,0,7,23,1,6,17,9,37,207,8,30,15,443,18,0,23,316,2,5,2476,3,49,6,7,66,22,3,0,4,1,10,2,2,59,26,80,70,58,244,4,7,34,298,3,25,0,1,6,2,7,7
Ashburn,6,0,1,1,42,22,1,4,55,3,3,0,0,8,0,1,4,20,27,229,10,0,1,2,0,4,3,1,8,11,19,0,1,4,3,5,9,0,6,6,0,1,3,0,3,5,3,16,2,0,13,3,2,22,2,33,0,3,19,1,3,14,0,11,1,6,1,0,6,32,0,44,4,0,9,0,1,0,2,24,4,7,10,6,1,4,0,0,35,4,1,0,0,30,9,0,15,2,18,7,1,42,49,1,4,0,0,0,1,0,1,12,82,0,3,1,4,2,0,0,6,4,0,0,30,1,1,0,2,0,2,6,0,0,111,3,1,6,7,1,1,0,0,16,1,1,3,7,3,3,4,99,9,1,4,88,0,0,754,1,0,0,0,12,1,0,0,3,4,7,1,3,6,11,4,3,4,40,0,0,5,33,2,1,1,1,3,9,0,0
Avalon Park,4,0,1,0,15,2,22,6,32,2,2,0,0,3,0,1,1,19,7,124,1,0,0,13,0,16,0,0,18,3,13,7,0,5,1,4,5,1,7,13,0,1,0,0,0,2,6,18,6,0,8,1,0,4,0,15,0,5,7,3,9,9,0,12,8,0,0,0,7,90,0,28,3,0,3,1,2,0,2,7,1,6,4,1,0,5,0,1,11,2,0,2,2,5,0,0,5,1,14,5,0,43,21,0,4,1,4,3,2,0,2,7,84,1,4,0,1,2,0,0,4,7,0,9,19,2,1,0,0,0,2,5,2,0,58,1,3,5,26,9,1,2,1,2,1,1,0,16,11,13,3,113,37,2,6,58,1,0,672,0,0,1,0,9,3,0,0,1,0,4,2,0,1,3,3,2,0,63,1,0,5,38,4,1,1,0,11,0,0,1
Avondale,50,1,7,5,32,2,0,246,38,8,26,2,0,0,1,13,0,26,5,77,103,5,9,1,1,0,0,0,2,5,1,2,1,3,24,10,22,0,3,28,1,0,9,21,10,36,11,2,0,0,4,9,0,22,16,4,6,13,49,9,2,2,0,8,1,23,4,0,74,28,0,17,35,1,79,8,0,0,28,8,1,155,56,24,0,54,5,0,23,155,0,1,3,4,1,14,3,40,4,0,0,108,33,0,10,18,0,22,19,15,10,28,334,0,58,0,14,3,1,11,1,19,4,0,19,42,0,0,9,0,21,67,1,1,127,5,23,25,1,0,11,22,10,3,34,0,0,33,1,0,6,137,4,0,1,174,0,0,740,0,0,8,2,19,15,0,0,0,0,0,2,3,1,4,9,21,1,83,1,1,39,119,2,46,0,1,0,0,10,12
Back of the Yards,23,5,9,2,370,25,4,58,1178,28,12,13,0,13,0,4,14,370,158,235,93,3,2,8,1,5,11,10,11,22,42,33,9,30,7,42,8,1,17,74,2,2,22,3,1,26,20,56,3,1,43,3,49,59,7,72,0,19,60,2,29,20,1,53,5,27,1,0,68,102,0,75,7,3,30,5,2,5,8,29,4,60,39,23,1,35,1,2,157,78,2,1,1,32,5,1,110,18,39,16,4,126,98,6,10,17,7,2,10,12,5,45,226,1,22,3,22,3,10,24,44,21,0,7,149,30,6,4,11,7,10,26,1,6,218,23,15,8,11,6,4,9,6,9,26,3,4,61,21,22,9,358,78,0,15,216,7,0,1382,3,8,4,6,32,25,2,1,15,17,28,6,7,25,57,30,33,27,146,3,8,11,200,4,39,1,1,23,11,9,7
Belmont Central,43,1,3,3,68,1,1,82,26,183,51,15,4,0,5,11,1,14,9,104,68,5,3,0,0,0,1,0,0,3,5,2,0,2,104,11,68,1,11,31,1,1,5,18,5,32,14,5,0,0,5,5,1,17,63,9,19,15,67,8,1,5,4,2,0,88,9,0,82,6,0,42,12,3,103,4,0,0,31,11,0,82,48,16,0,65,0,0,36,128,0,2,4,8,0,11,12,165,8,6,2,46,37,3,15,10,1,5,17,16,37,49,356,0,79,4,6,11,6,20,4,13,1,3,35,131,0,0,9,0,15,78,5,2,102,9,22,11,3,0,16,14,12,1,27,0,3,32,0,1,3,117,5,0,0,160,0,0,856,0,0,2,2,23,9,0,0,0,0,5,0,5,2,5,18,65,2,75,0,4,41,127,0,28,3,1,2,0,12,1
Belmont Gardens,24,0,5,4,26,1,2,62,30,9,77,3,0,1,0,3,1,22,20,50,67,6,8,0,0,0,1,0,1,4,2,1,0,0,53,2,24,1,8,36,2,0,13,14,5,29,15,1,0,3,5,0,3,12,5,9,9,15,30,3,0,3,8,10,0,33,0,3,87,11,0,21,9,0,59,10,0,0,22,8,1,67,18,16,1,20,3,0,24,143,0,0,2,4,0,6,4,26,4,3,0,38,53,3,1,13,0,7,16,8,15,22,170,0,44,1,9,0,2,9,0,4,1,0,11,67,0,0,4,0,6,67,3,7,81,5,21,13,0,0,4,21,4,1,5,0,0,21,1,1,5,80,4,0,0,110,0,0,490,1,4,6,3,8,13,0,0,0,0,1,1,0,0,1,20,19,2,51,0,0,32,70,0,29,0,0,1,0,14,2
Belmont Heights,11,0,2,1,26,0,0,27,12,33,10,71,12,1,7,2,1,10,11,229,27,10,0,0,0,2,0,0,0,1,3,2,0,1,39,3,68,0,1,3,0,0,1,10,2,21,22,1,0,0,7,4,3,9,15,5,7,5,40,4,0,1,4,2,0,7,0,0,26,6,0,5,5,10,75,7,0,0,16,1,1,44,18,8,0,13,0,0,12,52,0,1,0,2,0,3,1,31,1,2,0,31,33,0,7,19,0,15,13,18,58,48,278,0,27,0,1,1,9,1,0,9,4,2,13,90,0,0,11,0,2,15,5,2,49,3,10,7,0,0,10,4,40,1,8,0,0,7,0,2,4,77,1,0,0,56,0,0,562,0,0,1,9,7,5,0,0,0,0,2,0,2,1,4,19,23,1,48,0,0,19,49,0,11,0,0,0,0,8,1
Belmont Terrace,8,0,0,0,5,0,0,4,4,6,1,0,12,0,0,0,0,1,3,49,2,3,0,0,0,0,0,0,0,0,1,0,0,1,14,0,20,0,0,0,0,0,1,5,0,3,5,0,0,0,0,3,0,3,1,1,1,0,3,0,0,0,0,3,0,2,0,0,7,1,0,1,0,0,10,3,0,0,0,1,0,11,5,1,0,0,0,0,4,7,0,0,0,0,0,1,0,15,1,0,0,7,5,0,0,1,0,0,4,16,14,10,62,0,9,0,0,0,2,0,0,1,0,0,4,13,0,0,0,0,1,12,0,1,13,0,1,0,0,0,7,0,6,0,0,0,0,2,0,0,0,27,0,0,0,5,0,0,111,0,0,0,4,4,0,0,0,0,0,0,0,0,0,0,0,6,1,3,0,1,5,9,0,0,0,0,0,0,0,0
Beverly,2,1,0,0,32,4,1,1,27,2,5,0,0,94,0,1,10,11,6,260,4,1,3,2,0,0,2,0,4,6,7,3,0,2,0,6,13,26,0,8,0,3,2,0,0,3,2,8,2,0,14,0,0,8,3,23,0,5,20,5,2,12,0,8,2,4,0,0,3,56,0,24,3,0,7,1,7,1,1,18,0,7,3,2,0,10,0,0,24,6,3,1,0,10,1,0,6,3,57,46,6,25,26,0,2,1,0,1,0,1,1,7,88,0,2,0,1,1,2,0,4,1,0,0,13,3,1,0,0,0,0,3,0,1,65,1,1,4,25,1,0,1,0,5,2,0,0,10,2,10,4,118,4,0,2,59,1,0,1165,0,0,0,1,16,0,0,1,2,36,4,1,2,7,4,3,2,1,74,34,10,1,40,0,1,0,0,10,3,0,0
Big Oaks,7,0,0,1,3,0,0,14,7,10,4,3,0,1,33,4,1,8,9,104,10,2,2,0,0,0,0,0,0,3,0,0,0,0,8,1,7,0,1,1,0,1,5,14,5,1,20,0,0,0,3,0,0,5,5,2,3,2,14,3,0,1,2,0,0,0,0,0,4,2,0,10,3,1,26,4,0,0,0,2,1,16,14,6,0,8,0,0,4,11,0,0,0,1,0,0,2,15,2,1,0,18,18,0,4,4,0,2,5,17,51,4,82,0,8,9,0,0,4,1,0,0,0,0,10,17,0,0,3,0,0,11,0,3,21,2,6,2,0,0,0,6,1,0,3,0,0,0,0,0,2,33,1,0,0,32,0,0,297,0,3,0,19,0,1,0,0,0,1,0,0,0,1,0,2,4,2,13,0,0,6,24,0,4,0,0,1,0,8,0
Bowmanville,15,0,29,5,4,2,0,12,4,1,7,0,0,1,0,64,0,8,4,20,11,14,7,0,0,0,0,0,0,0,0,0,0,1,0,0,6,0,0,16,0,0,1,7,10,32,6,3,0,0,2,2,0,1,2,2,0,7,14,11,0,0,0,6,0,0,0,0,5,10,0,4,5,0,7,1,0,0,11,1,0,27,22,4,0,17,5,0,3,7,0,7,13,0,0,1,2,6,2,0,0,50,19,0,0,17,0,4,12,0,0,14,40,0,11,2,5,3,0,0,1,19,2,1,8,10,0,0,8,0,5,60,2,0,36,9,21,4,0,0,0,4,0,0,7,1,0,2,1,0,9,53,3,0,0,55,0,0,298,0,0,0,2,0,9,0,0,0,1,1,0,2,0,2,0,7,0,32,0,0,13,24,0,2,0,0,0,0,5,2
Brainerd,4,1,3,0,72,12,6,5,28,1,7,0,0,12,0,1,17,31,9,135,8,1,4,10,0,12,0,0,18,24,14,6,2,0,1,5,7,27,6,20,1,0,1,1,0,9,9,16,12,0,32,6,8,18,1,28,0,2,16,1,7,51,0,6,3,1,0,2,8,83,0,49,2,0,4,1,2,1,2,25,1,8,6,3,0,9,0,0,32,15,15,0,5,18,2,1,14,3,28,11,1,60,72,3,2,2,1,2,3,1,4,9,96,1,6,1,7,1,1,2,2,3,0,1,32,9,0,2,3,2,1,17,1,0,164,1,11,4,51,7,2,0,0,4,2,1,0,29,10,7,1,210,33,0,10,114,3,0,1098,6,1,1,0,15,1,1,6,2,6,17,4,1,2,3,3,7,1,99,0,7,8,42,6,6,0,0,9,16,0,0
Bridgeport,14,0,6,3,338,7,9,23,432,10,24,1,0,5,1,4,13,1217,135,687,59,2,4,7,1,4,0,3,8,20,18,607,6,9,14,33,35,4,3,21,6,7,11,0,2,26,40,19,1,1,50,8,29,62,12,105,19,23,107,2,2,13,2,102,10,21,3,0,33,99,0,48,7,0,39,2,0,3,10,15,1,76,60,28,1,47,1,1,143,63,0,2,2,36,1,4,159,11,32,11,4,258,275,17,7,20,0,5,3,5,5,50,252,2,15,1,46,4,5,1,26,17,0,5,438,24,2,2,5,3,16,20,0,2,275,23,15,7,4,6,0,7,2,7,20,0,5,26,27,35,9,649,13,0,7,407,10,2,2688,1,5,4,8,76,25,1,2,4,3,17,1,6,21,6,5,16,28,216,0,3,14,222,4,19,0,1,3,1,3,5
Brighton Park,27,1,6,1,596,13,11,72,765,23,31,5,2,5,2,7,10,337,632,131,46,0,4,0,0,6,1,1,15,11,23,82,6,44,8,48,11,1,2,49,2,8,11,3,1,29,19,28,1,0,55,6,20,129,11,107,6,9,60,1,11,20,2,133,7,26,2,0,109,40,0,99,6,0,56,6,2,2,10,36,1,44,29,24,0,32,0,0,385,97,0,1,2,53,2,2,122,13,41,18,3,113,150,10,10,12,0,8,6,12,4,23,226,0,19,1,3,3,6,14,38,14,0,1,268,21,5,0,3,9,13,27,0,2,218,13,18,3,5,0,2,4,0,9,17,2,6,44,4,4,8,415,19,0,7,193,2,0,1430,1,12,9,3,97,26,6,1,20,1,13,1,2,38,37,42,49,39,156,1,5,16,283,0,22,0,1,11,1,1,9
Bronzeville,6,4,4,1,108,20,8,14,131,3,8,2,0,12,0,6,1,162,48,666,16,2,5,16,0,14,0,1,29,20,24,16,4,5,2,13,36,2,14,45,0,1,6,1,2,20,30,50,4,2,16,7,17,38,5,59,1,17,70,15,34,41,0,11,12,2,5,0,36,252,6,79,7,0,9,2,1,3,4,27,7,33,28,6,0,39,1,2,67,14,2,2,3,26,2,3,22,4,24,4,0,164,98,8,0,10,6,1,25,1,8,21,196,6,11,1,16,21,5,6,10,11,0,17,45,11,8,2,8,7,30,43,2,1,288,5,21,9,33,6,7,4,1,7,5,1,5,56,30,49,6,501,77,0,27,319,2,2,1854,15,4,0,1,37,9,2,4,36,9,13,8,6,27,29,16,18,26,203,1,9,12,151,15,20,0,1,59,18,3,2
Bucktown,24,0,14,1,57,2,1,35,21,8,18,2,0,2,0,4,1,26,35,80,402,4,1,0,0,2,0,0,2,6,2,1,0,5,14,9,13,0,13,30,0,3,29,18,4,46,13,1,0,0,10,0,0,8,11,11,2,16,183,18,1,2,0,19,0,24,2,0,57,86,0,34,11,0,34,0,0,1,15,8,0,189,70,27,0,103,4,0,37,70,0,3,0,4,0,5,4,19,2,0,0,249,95,20,4,21,0,4,17,11,15,92,222,0,16,4,10,13,5,15,0,26,1,3,38,34,3,1,9,0,63,70,0,0,292,38,21,16,1,0,9,19,1,2,75,2,4,28,2,0,4,205,6,0,3,451,0,0,2090,0,6,2,1,36,14,0,0,0,1,0,1,11,0,5,8,23,2,232,0,0,22,173,0,116,2,1,2,0,48,17
Budlong Woods,44,0,13,19,7,1,0,24,15,5,7,0,0,1,2,15,0,13,11,55,19,66,9,0,0,0,0,0,0,2,2,1,0,0,9,4,13,0,3,11,1,2,2,4,6,174,17,2,0,1,5,8,1,1,5,5,2,21,25,11,0,2,0,3,0,3,10,0,27,24,0,21,9,0,23,2,0,1,10,5,0,55,52,10,0,33,2,0,9,25,0,2,9,1,0,5,1,3,5,2,0,77,34,0,1,27,0,7,43,5,7,19,170,0,18,1,2,4,3,8,0,20,3,0,10,13,0,0,20,0,6,185,8,7,95,13,40,8,2,0,20,12,0,2,6,11,1,11,2,1,21,74,6,0,0,162,0,0,686,0,0,1,1,8,12,0,0,0,0,0,0,2,1,1,1,8,1,47,0,0,79,23,0,10,1,0,0,0,7,4
Buena Park,3,0,9,3,13,0,0,9,5,3,5,0,0,2,0,3,1,5,6,21,22,0,85,0,0,0,0,0,0,1,2,2,0,2,5,2,8,0,2,13,0,0,2,2,5,26,9,1,0,0,3,0,3,1,2,1,0,10,25,15,1,1,0,1,0,0,3,0,15,20,0,12,0,0,8,0,0,1,1,1,1,82,55,2,0,18,0,0,5,11,0,3,14,2,0,0,2,3,0,1,0,157,31,5,0,9,0,2,12,2,10,7,94,0,9,1,12,10,2,1,0,15,1,0,6,10,0,0,2,0,23,27,1,3,100,5,10,4,3,1,5,0,0,0,15,6,0,9,0,0,3,98,1,0,0,248,0,1,806,0,0,0,0,10,9,0,0,0,0,1,0,5,1,0,2,6,1,102,0,0,22,32,0,1,0,0,2,0,7,9
Burnside,6,2,3,0,29,2,8,7,41,2,2,1,0,7,0,1,1,25,11,145,3,2,3,29,1,14,0,0,23,18,1,7,2,4,0,8,6,9,24,14,0,7,1,1,2,4,5,30,7,0,24,4,7,6,5,11,0,5,19,7,19,26,0,8,19,2,0,0,8,105,0,40,3,0,3,0,1,1,3,32,3,11,10,1,0,9,0,2,19,7,2,0,1,10,2,0,14,1,11,3,0,66,40,0,4,1,4,0,3,1,6,8,78,1,2,0,2,3,1,2,10,2,0,3,15,4,0,6,1,6,1,11,2,0,91,3,11,2,46,1,0,0,0,8,1,3,0,17,9,16,3,130,22,0,25,92,0,0,832,0,1,1,1,15,8,0,0,9,6,7,4,1,3,7,1,4,5,96,0,6,8,23,0,4,0,0,16,12,1,1
Cabrini Green,0,0,1,0,2,0,0,1,3,0,1,0,0,0,0,0,0,0,0,7,0,1,0,0,10,0,0,0,0,0,6,0,0,0,0,0,1,0,0,6,0,0,0,0,0,1,0,1,0,0,0,0,1,0,0,3,0,2,5,3,0,0,0,0,0,0,1,0,7,1,0,4,0,0,1,0,0,0,1,0,0,1,14,4,0,10,0,0,0,0,0,0,0,0,0,0,0,0,1,0,0,10,1,0,0,0,0,0,0,0,0,3,22,0,4,0,0,0,0,0,0,0,0,0,3,0,0,0,0,0,2,2,0,0,17,0,0,0,0,0,0,0,0,0,2,0,0,0,0,0,0,11,1,0,0,8,0,0,49,0,0,0,0,0,0,0,0,0,1,0,0,1,0,0,3,2,0,4,0,0,2,13,0,0,2,0,3,0,0,1
Calumet Heights,1,1,3,1,17,1,12,5,35,1,1,0,0,1,0,0,4,19,10,126,3,0,0,2,0,60,4,0,17,12,11,1,0,2,1,6,6,4,19,9,0,17,1,0,0,3,1,15,7,0,30,0,0,7,0,5,0,2,8,5,16,15,0,7,16,1,0,0,3,90,1,40,3,0,4,0,0,0,2,33,1,8,7,0,1,7,0,0,12,7,7,0,0,11,0,0,16,3,19,1,0,56,27,0,1,4,3,0,4,0,0,3,48,0,3,0,1,2,1,0,6,3,0,12,9,0,0,1,2,5,2,7,1,0,121,1,4,1,42,6,2,0,2,1,3,1,1,12,37,11,0,145,37,0,25,95,3,0,941,2,3,0,1,6,4,0,3,2,2,11,1,1,4,3,4,2,6,66,2,10,3,23,3,4,0,0,17,4,0,0
Calumet River,3,0,2,0,11,0,2,2,12,0,2,0,0,2,0,0,3,16,3,57,3,3,1,5,0,13,22,0,7,1,2,1,0,3,3,3,8,0,1,7,0,31,1,1,0,3,0,4,0,0,2,1,4,5,1,6,0,1,6,3,12,2,0,5,11,1,0,0,6,25,0,6,3,0,6,0,0,0,0,42,2,3,2,0,0,3,0,0,9,2,0,1,0,3,0,0,2,2,1,0,1,22,14,1,4,0,0,0,1,0,0,3,44,0,3,0,0,0,2,0,2,4,0,1,7,3,0,0,1,0,0,7,1,0,18,2,5,2,6,0,1,0,0,0,1,0,2,6,54,0,0,31,15,0,2,41,1,0,208,0,0,0,0,3,2,0,0,0,2,0,9,0,2,4,2,3,5,10,0,8,1,14,0,2,0,6,6,1,0,0
Canaryville,0,0,0,0,29,4,0,0,49,2,0,2,3,0,0,0,1,28,3,34,3,0,0,0,0,0,0,0,2,2,0,3,0,0,0,2,4,0,0,1,0,1,0,0,1,1,2,0,0,1,0,0,0,10,0,2,0,0,3,0,0,0,0,1,0,0,0,0,0,5,0,2,0,0,5,0,0,0,0,0,2,5,5,0,0,0,0,2,2,6,0,0,0,2,1,0,7,0,0,0,0,12,5,0,0,0,0,0,0,0,1,1,6,0,0,0,0,0,0,1,1,0,0,0,18,1,0,0,0,0,0,1,0,0,11,0,0,0,0,0,0,0,0,0,1,0,3,0,0,0,0,27,2,0,0,21,0,0,122,0,0,0,0,3,1,0,0,0,2,0,0,0,0,3,1,3,0,16,0,0,2,12,0,0,0,0,1,0,0,0
Chatham,11,0,3,1,67,9,11,6,55,2,4,0,0,11,0,0,5,31,12,327,10,4,2,23,1,22,0,0,98,14,17,1,0,0,3,9,21,10,61,26,0,0,4,1,0,9,19,51,8,0,28,6,15,10,8,40,1,5,22,16,28,34,0,5,7,2,1,0,13,179,1,92,4,0,6,0,1,1,4,36,4,18,19,8,0,28,1,0,41,18,4,1,8,18,0,0,5,3,19,12,0,77,86,1,4,2,2,1,3,0,5,16,218,3,5,0,0,5,0,1,42,12,0,2,42,8,1,1,2,1,5,23,5,0,276,6,22,1,52,4,1,1,0,4,2,1,5,40,24,36,8,318,96,0,28,197,1,0,1881,6,0,0,0,13,7,2,5,11,6,26,10,2,2,14,5,8,5,147,0,6,12,44,3,11,0,0,27,7,1,1
Chicago Lawn,13,1,1,2,171,18,2,8,196,7,3,0,0,1,0,5,5,87,79,75,37,0,0,4,1,3,0,2,4,52,53,8,8,15,8,12,10,3,6,28,2,4,0,4,3,3,5,18,0,0,41,1,14,69,15,55,0,6,34,5,10,12,1,32,3,12,3,0,43,35,0,73,4,0,21,1,4,0,4,27,2,16,17,11,0,15,2,0,113,35,0,1,2,59,3,2,27,6,16,10,0,61,52,3,2,5,3,1,4,1,3,12,106,2,10,0,2,1,8,0,15,5,3,3,63,10,0,0,2,1,3,20,0,3,125,4,13,2,4,7,0,0,0,4,8,0,2,21,4,14,1,202,15,0,10,132,0,0,732,3,3,0,0,38,1,1,0,4,2,7,1,3,26,31,5,17,43,80,0,3,11,131,1,7,0,2,11,16,1,1
Chicago Midway Airport,0,0,0,0,5,0,0,0,1,0,0,0,0,0,0,0,2,10,7,0,0,0,0,1,0,2,0,0,2,0,0,2,0,0,0,2,3,0,0,0,0,0,0,0,0,0,0,2,0,0,0,0,0,1,7,3,3,0,1,0,0,0,0,2,0,1,0,0,0,0,0,0,0,0,0,0,0,0,0,0,0,0,0,0,0,0,0,0,0,4,0,0,0,0,0,0,2,0,0,0,0,0,0,0,0,0,0,0,0,0,0,0,4,0,0,0,0,0,0,0,0,0,0,0,8,1,0,0,0,0,0,0,0,0,0,1,0,0,0,0,0,0,0,0,0,0,3,1,0,1,0,0,2,0,0,0,0,0,2,0,0,0,0,0,0,0,0,2,0,0,0,0,0,7,2,1,0,0,0,0,0,0,0,0,0,0,0,0,0,0
Chinatown,3,0,0,0,21,1,0,3,19,3,4,2,0,0,0,1,0,65,4,32,6,0,0,0,0,4,0,0,2,7,0,403,0,3,1,3,4,0,0,10,5,3,0,0,0,2,0,3,0,0,0,0,3,2,7,11,2,0,6,0,1,3,1,0,0,2,0,0,9,25,0,11,4,0,5,0,1,0,3,1,2,5,7,1,0,4,0,0,4,0,0,0,0,4,1,1,3,1,4,0,0,39,37,8,0,3,1,0,0,3,0,3,40,0,5,0,2,2,1,1,0,3,0,0,122,3,0,0,3,0,6,6,0,2,15,8,1,0,1,0,0,2,0,0,0,0,1,7,1,0,1,33,4,0,0,40,0,1,314,0,0,0,0,14,3,0,0,0,0,2,0,0,6,0,3,2,3,32,0,0,1,35,0,4,0,0,0,0,3,0
Chrysler Village,0,0,1,0,31,4,0,2,35,0,2,0,0,0,0,1,0,18,15,56,3,0,0,0,0,0,0,0,1,1,11,6,20,39,2,0,1,0,0,2,0,0,0,0,0,0,0,3,0,0,9,1,1,15,1,24,0,1,5,0,0,1,0,10,0,2,0,0,3,1,0,14,2,0,4,0,0,0,0,4,0,2,3,0,0,4,0,0,19,7,0,0,0,10,0,1,4,4,1,2,0,12,15,0,1,2,0,2,0,2,0,2,32,0,2,0,1,0,0,0,9,0,0,0,20,2,0,0,0,0,1,1,0,0,13,0,2,1,0,0,0,0,0,1,1,0,0,1,2,2,1,32,1,0,1,23,0,0,209,0,1,0,0,4,1,0,0,0,0,6,0,0,7,5,2,3,16,21,4,0,0,19,0,2,0,0,0,0,0,1
Clearing (W),6,0,1,1,197,11,5,9,105,9,9,4,0,6,0,1,0,99,98,527,18,2,0,4,0,0,0,0,2,28,25,19,18,239,6,19,14,2,5,5,0,1,0,0,1,2,4,9,2,0,37,2,3,48,9,231,1,4,23,1,5,6,3,22,0,10,0,0,11,25,0,22,0,0,15,1,0,0,8,5,1,12,9,5,0,10,1,2,87,22,0,1,0,28,3,1,27,5,2,21,0,75,78,0,5,1,1,1,3,0,12,20,160,0,11,0,10,0,2,3,26,2,0,0,27,9,0,0,2,1,1,11,1,2,93,7,6,5,3,0,5,2,0,7,5,0,8,14,2,6,3,180,3,0,1,73,0,0,1222,0,1,0,0,11,5,2,1,0,1,7,0,0,30,16,7,8,43,123,0,4,10,72,0,13,0,2,0,1,1,4
Cragin,40,0,9,17,83,1,1,109,47,98,79,8,0,0,0,26,1,33,25,163,121,6,6,0,0,0,0,0,0,4,7,10,0,3,173,12,58,0,4,65,3,1,7,32,18,54,37,4,1,6,12,13,4,20,60,11,22,30,113,5,1,5,27,8,0,131,3,1,102,8,0,37,9,1,115,19,1,1,40,10,0,169,51,31,0,77,4,0,74,285,0,3,4,13,0,6,13,96,4,3,0,103,77,9,52,34,1,28,31,28,42,57,464,1,106,8,13,12,10,25,1,27,1,0,16,261,1,0,14,0,37,102,10,1,193,11,56,13,0,0,21,29,13,3,33,1,1,73,0,1,20,138,12,0,3,229,0,0,1082,0,2,2,9,14,14,0,0,4,2,6,0,8,3,10,30,62,5,132,0,4,56,223,1,42,2,1,6,1,30,6
Douglas Park,4,1,0,1,57,1,0,4,14,1,9,0,0,0,0,0,0,6,10,20,6,2,0,0,0,1,0,0,1,0,6,1,0,0,13,28,12,0,1,9,0,0,0,2,1,3,1,0,0,0,0,3,3,9,0,3,0,0,5,1,2,5,0,13,0,3,3,0,13,3,0,32,0,0,6,0,0,0,1,2,0,6,7,1,0,4,0,0,63,13,0,1,0,10,0,0,14,1,3,0,0,9,17,0,0,1,1,0,0,0,0,2,24,0,2,0,0,0,1,6,0,8,0,0,44,10,4,0,0,0,2,2,0,0,23,7,3,1,1,0,0,0,2,1,1,0,2,19,0,4,0,36,3,0,2,25,0,0,170,0,7,0,0,17,0,0,0,0,0,2,0,0,3,1,6,2,7,19,0,1,4,35,0,2,0,0,0,0,0,5
Dunning,13,0,1,0,15,2,1,18,9,8,8,12,3,0,0,1,0,4,4,146,1,4,0,0,0,0,0,0,0,0,0,3,0,3,27,1,95,1,0,4,0,1,0,7,0,12,16,1,0,0,1,3,2,8,17,4,11,0,12,6,0,0,0,0,0,6,3,0,8,1,0,5,1,0,60,0,0,0,7,3,0,24,15,0,0,14,0,0,7,25,0,0,0,2,0,6,1,21,1,0,0,11,18,0,1,15,0,4,5,12,30,25,140,0,20,3,5,2,7,8,0,0,1,0,8,59,0,0,8,0,4,43,2,0,37,0,6,1,0,0,5,18,17,0,10,1,0,8,0,3,4,42,1,0,2,41,0,0,347,0,0,1,5,10,2,0,0,0,0,2,0,1,2,0,3,11,1,32,0,0,5,36,0,4,3,1,1,0,5,3
East Beverly,1,0,0,0,17,4,0,2,11,2,5,0,0,14,0,0,1,19,10,255,7,0,1,1,0,4,2,0,4,3,5,2,2,3,0,5,5,42,4,7,0,5,1,0,0,1,0,13,6,0,13,0,0,3,1,18,0,0,12,4,2,2,0,3,3,8,0,0,4,58,0,37,1,0,4,1,3,0,0,17,2,2,3,1,0,3,0,1,11,2,5,0,0,6,2,0,1,2,52,23,4,41,62,0,1,0,0,1,3,0,2,6,62,0,5,0,1,2,0,1,10,4,0,0,15,2,2,1,0,0,2,3,0,0,63,4,1,2,25,1,1,2,0,2,2,0,0,4,1,3,1,121,14,0,0,89,0,0,880,0,2,0,0,6,0,0,1,0,17,4,6,1,0,1,2,0,7,72,3,1,2,10,0,2,1,0,7,1,1,0
East Chatham,6,1,2,1,33,2,8,2,24,1,1,0,0,5,0,1,1,4,14,72,4,1,1,14,0,11,0,0,25,5,7,7,0,1,1,2,4,0,23,13,0,0,2,1,0,6,6,28,2,0,2,6,7,6,6,16,1,6,11,4,22,19,0,2,11,2,0,0,1,49,2,29,2,0,7,0,0,0,0,11,1,6,12,3,0,10,0,4,13,2,0,0,2,15,0,0,6,3,11,2,0,42,18,2,0,1,0,0,4,1,2,8,90,1,2,0,3,5,1,1,14,6,0,4,17,5,3,0,2,0,2,8,0,0,82,2,10,5,14,2,1,0,0,0,0,0,0,21,14,8,5,122,23,0,21,83,0,0,540,0,0,0,0,13,4,1,2,2,0,5,1,1,1,7,1,3,1,69,0,0,5,26,5,3,0,0,13,12,2,3
East Garfield Park,48,1,2,0,153,2,1,35,59,34,10,1,0,4,2,3,5,40,22,97,32,1,6,1,0,3,0,0,5,0,7,5,6,2,8,27,32,2,18,179,0,2,10,10,2,34,44,5,1,11,7,13,6,8,35,15,1,16,36,7,8,6,2,18,0,17,8,3,84,22,0,65,6,0,9,3,1,0,6,3,1,56,12,14,0,39,0,0,71,39,0,0,6,16,2,7,16,28,12,5,2,82,102,14,21,17,0,5,13,7,16,27,206,0,46,2,16,8,2,4,1,22,1,3,58,11,4,0,10,2,8,31,2,0,208,9,21,8,5,0,3,8,1,2,14,3,1,122,3,11,3,217,7,0,16,133,0,0,975,1,13,1,2,30,9,0,0,3,2,5,1,4,3,7,50,55,4,140,0,0,14,134,2,24,1,0,2,3,0,0
East Pilsen,1,0,0,0,6,0,0,6,6,0,1,0,0,0,0,0,0,4,0,5,0,0,0,0,0,3,0,0,0,0,0,8,0,0,0,3,3,0,0,7,15,0,0,2,0,1,1,0,0,0,0,0,0,1,1,1,0,4,10,0,0,0,0,0,0,1,0,0,3,2,0,9,2,0,0,0,0,0,0,0,0,9,8,4,0,1,0,0,11,0,0,0,0,0,0,1,4,2,2,0,0,4,9,1,3,0,0,1,1,1,0,0,4,0,1,0,0,0,0,0,0,3,0,0,18,2,0,0,0,0,0,1,0,0,16,7,0,4,0,0,0,0,0,0,2,0,0,0,0,0,0,53,0,0,0,18,0,0,90,0,2,0,0,9,0,0,0,0,0,5,0,0,0,0,1,0,0,14,0,0,1,13,0,2,0,0,0,0,0,0
East Side,6,0,1,1,32,1,1,6,27,2,8,0,0,3,0,2,9,20,17,59,14,3,0,8,0,18,9,0,4,2,7,8,2,4,3,11,11,0,0,14,0,105,2,1,0,5,4,10,0,0,5,3,10,18,5,23,0,11,10,4,10,11,0,6,11,7,1,0,8,32,0,3,1,0,6,1,6,0,5,88,1,16,15,3,0,15,0,3,26,13,0,2,2,13,0,0,0,2,19,11,2,54,30,1,4,1,0,0,4,0,1,7,92,0,8,0,4,1,0,1,9,7,0,5,24,4,0,0,1,0,0,18,4,2,36,6,9,5,6,4,2,1,0,1,5,0,3,23,63,2,0,39,23,0,6,13,8,0,275,0,2,2,1,3,4,0,1,4,0,12,7,1,4,3,5,7,3,23,0,0,6,14,0,4,0,18,4,0,0,0
East Ukrainian Village,8,0,7,0,13,1,0,10,10,5,2,1,0,0,0,0,0,10,11,15,60,1,0,2,0,1,0,0,0,0,0,0,0,1,6,0,8,1,1,18,2,1,94,1,0,9,9,1,0,0,2,0,1,5,7,3,0,8,50,4,0,2,3,8,0,8,0,0,25,26,0,17,2,0,7,0,0,2,4,6,0,60,6,3,0,26,0,0,6,21,1,0,0,3,1,0,0,9,1,0,0,86,52,7,0,8,0,5,3,1,1,7,80,1,10,1,14,4,1,1,0,10,1,2,15,6,0,0,4,0,12,26,0,2,96,27,5,9,0,0,2,2,2,0,20,0,0,4,0,0,3,95,2,0,0,174,0,0,694,0,0,3,0,12,6,0,0,0,2,0,2,1,1,2,5,8,1,56,2,0,3,128,0,48,0,0,1,0,11,6
Edgebrook,18,0,1,6,16,0,0,8,3,0,13,0,0,0,1,1,0,6,2,25,13,3,3,0,0,0,1,0,1,1,2,0,0,0,4,0,7,0,2,5,0,0,3,73,0,9,6,2,0,0,1,11,0,1,1,2,5,0,10,0,0,0,0,2,0,5,2,0,2,4,0,6,4,0,17,8,0,0,0,3,0,10,4,4,0,10,0,0,0,11,0,0,0,3,0,1,0,3,0,0,0,35,19,6,0,3,0,3,11,4,8,15,92,0,16,0,1,3,2,5,0,2,0,1,6,12,1,0,2,0,4,17,0,1,26,4,3,2,0,0,14,5,0,0,3,0,0,4,0,1,1,35,2,0,0,47,0,0,363,0,0,0,0,4,5,0,1,0,1,1,0,3,1,0,2,2,1,18,0,1,10,12,0,0,0,0,0,0,6,0
Edgewater,21,0,52,4,16,1,0,17,13,2,4,1,0,0,3,10,2,11,8,43,15,8,16,0,0,1,0,0,1,1,1,4,0,0,4,3,16,0,3,29,0,0,9,12,103,91,4,1,0,0,5,4,0,3,6,7,5,12,27,22,1,0,1,6,1,8,6,0,19,36,0,18,7,0,13,1,0,0,4,3,0,74,92,8,0,41,1,2,12,24,0,36,5,1,0,1,2,5,1,0,0,129,32,0,3,17,0,8,26,6,20,11,68,0,18,2,10,8,2,4,0,21,8,2,9,13,0,1,14,1,28,92,6,7,142,5,107,6,3,0,15,6,2,0,9,1,0,23,0,1,7,146,4,0,1,233,0,0,980,0,2,0,0,5,29,0,0,1,0,0,0,0,1,1,3,4,1,87,0,0,78,30,0,11,1,0,5,0,9,8
Edgewater Beach,56,1,65,13,64,2,2,37,29,8,22,7,0,5,2,27,2,33,27,96,61,20,50,0,0,4,0,0,1,4,8,14,0,2,9,2,43,0,4,50,1,4,9,12,38,450,42,16,0,0,16,2,0,5,8,26,3,48,106,63,0,0,1,9,0,7,10,4,53,69,0,84,11,0,22,1,0,1,11,5,1,202,162,20,1,105,1,2,29,70,0,15,62,5,1,2,6,17,4,3,0,419,118,17,4,25,0,7,34,9,18,55,424,0,27,8,20,22,8,7,6,54,1,2,28,24,0,0,35,4,43,181,19,9,399,33,173,15,7,1,16,12,5,2,35,10,0,68,1,6,19,365,7,0,2,906,0,0,2934,0,1,3,0,33,139,0,0,1,0,3,1,11,4,1,7,11,3,244,5,0,170,95,2,24,1,2,11,3,36,17
Edison Park,7,1,4,6,28,0,0,11,9,4,10,0,0,0,1,7,0,9,1,230,5,1,0,0,0,0,0,0,0,1,2,2,0,1,6,2,29,2,1,9,0,0,2,17,0,19,206,2,0,0,3,2,5,10,7,2,5,1,39,10,0,0,0,12,0,9,2,0,16,8,0,7,2,3,50,0,0,0,0,0,0,30,12,3,0,13,0,0,13,15,0,0,0,0,0,8,1,13,3,1,0,49,60,1,1,4,0,9,12,21,100,59,242,1,9,16,2,4,7,5,0,4,1,0,11,11,0,0,7,0,5,21,0,3,58,0,15,6,2,0,10,4,5,0,5,0,0,11,1,2,10,85,0,0,1,75,0,0,838,0,0,2,6,12,2,0,0,0,0,3,1,6,1,1,2,2,0,61,0,1,14,50,0,4,0,0,0,0,1,0
Englewood,22,8,13,0,244,41,15,40,320,22,19,0,0,40,1,14,12,144,119,397,42,7,17,19,0,26,5,0,48,45,108,36,20,36,10,40,50,28,52,103,0,13,8,5,7,38,54,337,15,5,66,25,79,64,23,138,2,33,76,20,78,106,3,39,28,9,5,1,32,231,5,146,13,0,32,1,5,1,15,85,16,36,32,17,1,59,0,11,157,45,8,2,11,87,14,2,37,20,101,16,0,246,175,4,9,18,11,9,18,3,12,40,554,7,31,4,24,8,6,9,62,20,2,16,99,27,16,10,11,8,13,53,2,3,456,18,69,11,47,10,10,3,1,17,11,4,14,129,43,52,10,634,122,0,85,380,7,5,2665,6,5,1,1,76,18,6,9,31,28,56,25,2,29,130,21,16,23,315,2,25,25,158,18,26,0,0,74,46,7,3
Fernwood,6,1,5,0,45,9,1,6,40,1,3,0,0,8,0,2,9,29,24,213,5,0,2,14,0,9,0,0,14,12,16,6,3,1,0,6,8,5,10,11,0,0,2,1,4,4,15,34,34,0,16,2,6,5,6,24,0,3,28,0,15,15,1,3,1,3,0,0,4,70,1,56,2,0,7,0,4,3,3,32,3,5,13,4,2,10,0,1,21,8,4,0,3,20,1,1,7,6,37,6,0,56,30,0,1,1,0,1,5,0,1,15,94,1,3,0,7,2,0,1,7,2,0,21,13,6,1,4,1,1,2,9,2,0,142,2,6,5,41,11,2,1,0,1,5,1,0,22,12,9,2,213,31,0,20,97,0,0,987,0,2,1,0,10,6,0,5,5,12,11,14,0,8,8,6,2,2,107,9,7,3,20,2,5,0,0,20,9,0,0
Fifth City,7,0,2,1,16,0,0,18,2,0,4,3,0,1,0,0,0,5,2,15,2,0,0,0,0,0,0,0,0,1,1,2,0,0,6,4,2,0,4,13,0,0,0,1,0,3,4,1,0,6,4,11,1,8,1,5,0,3,2,1,1,1,0,2,0,5,1,3,6,1,0,10,5,0,10,0,0,0,1,1,0,1,1,3,0,2,0,1,6,17,0,1,0,0,0,2,1,3,0,1,0,11,17,0,3,1,0,5,0,3,2,7,34,0,18,0,0,0,0,0,1,0,0,0,7,16,0,0,1,0,0,5,1,2,26,2,2,2,0,1,0,0,1,0,0,0,0,15,0,2,0,40,0,0,1,10,0,0,137,0,0,3,0,3,0,0,0,0,0,1,0,0,6,1,5,14,4,19,0,0,5,16,0,1,0,0,0,1,0,0
Ford City,3,0,0,0,50,5,2,3,35,1,2,0,2,2,0,0,1,22,20,71,2,0,0,2,0,0,0,0,0,4,5,2,1,10,2,0,4,0,0,2,0,0,4,0,1,1,1,9,0,0,29,1,0,19,2,23,0,1,6,0,1,6,0,21,0,2,1,0,2,3,0,17,0,0,4,0,0,0,0,2,0,3,3,2,0,1,0,1,19,6,0,0,1,11,1,0,8,2,8,1,0,14,18,0,0,0,4,0,0,0,0,7,28,0,2,0,6,0,0,1,7,3,0,0,31,1,0,0,0,1,1,3,0,0,26,1,1,0,0,0,1,0,0,1,1,0,1,3,0,0,2,42,1,0,0,27,0,0,313,0,0,0,0,13,0,0,1,0,0,1,1,0,4,8,5,2,24,18,0,0,2,17,0,3,0,0,2,0,1,0
Forest Glen,4,0,4,3,9,0,0,12,4,0,0,1,0,0,0,5,0,2,3,22,9,1,4,0,0,0,0,0,0,1,0,0,0,0,1,0,11,0,0,7,0,0,2,9,1,26,12,2,0,0,1,26,0,3,0,1,10,9,14,5,0,0,0,3,0,7,0,0,13,4,0,7,7,0,47,1,0,0,1,2,0,18,9,2,0,9,0,0,11,6,0,0,2,0,0,0,3,2,0,0,1,23,13,0,0,4,0,10,8,17,5,2,52,0,2,2,0,1,2,3,0,7,0,1,3,23,0,0,5,0,6,16,0,2,41,0,0,1,0,0,12,4,2,0,3,0,0,1,0,0,5,25,1,0,0,39,0,0,278,0,0,0,5,4,0,0,0,0,0,0,0,1,0,1,3,0,0,23,0,0,3,18,1,0,5,0,1,0,3,1
Fuller Park,1,0,0,0,33,2,2,0,23,0,0,0,0,0,0,0,0,7,1,37,2,0,0,1,0,0,0,0,1,0,4,1,0,0,0,1,2,0,3,5,0,1,1,0,0,3,1,8,3,0,1,2,5,1,0,2,0,0,4,1,1,2,1,1,0,0,0,0,7,19,1,11,1,0,0,0,0,0,0,8,0,6,2,1,0,3,0,0,20,3,1,0,0,1,1,0,2,0,2,1,0,7,12,0,1,1,0,0,3,1,1,3,24,1,1,0,1,3,0,0,0,2,0,0,6,2,0,0,2,2,0,3,0,0,44,3,1,1,12,0,0,0,0,0,1,0,3,7,0,2,0,36,7,0,3,21,0,0,154,2,3,1,1,2,2,0,1,5,3,3,2,1,0,2,0,0,2,10,0,0,0,16,0,0,0,0,1,15,2,0
Gage Park,16,6,2,0,419,13,4,27,488,10,15,3,0,5,1,4,14,178,198,116,46,4,5,13,0,10,1,2,14,43,25,17,13,28,20,54,20,0,9,59,1,0,7,4,6,16,17,27,0,1,58,2,22,267,19,94,4,4,52,12,8,14,6,126,7,16,3,1,63,44,0,103,7,0,43,2,0,0,5,53,1,33,20,17,0,19,3,0,236,55,2,3,1,55,5,4,66,11,41,6,1,77,106,1,7,3,0,5,9,6,3,20,242,0,20,0,5,7,0,6,26,10,0,5,158,24,3,0,9,0,8,29,0,2,156,26,19,10,4,1,4,5,4,9,8,0,7,28,3,10,12,238,11,0,5,186,5,0,1268,1,7,6,4,66,6,2,0,6,15,13,3,2,57,31,25,33,35,141,1,8,20,197,0,31,0,0,4,5,3,0
Galewood,14,1,6,2,68,3,5,42,30,46,19,5,0,1,0,7,4,22,8,183,38,3,4,2,1,4,0,0,2,6,4,4,0,3,29,14,46,0,12,23,0,1,6,10,6,20,7,12,0,1,22,3,1,20,130,18,4,14,61,7,6,2,8,17,1,40,3,0,60,14,0,74,17,0,45,1,0,2,14,6,0,49,21,11,1,35,0,1,41,57,0,1,2,8,1,9,7,82,14,2,0,87,64,2,29,8,0,4,11,2,40,38,272,0,43,6,5,6,3,4,5,16,0,6,48,48,0,0,5,0,8,42,3,0,186,12,18,11,0,1,9,10,5,0,9,0,0,54,0,1,5,196,5,0,6,144,0,0,1131,3,1,0,3,22,5,0,0,4,0,2,0,1,4,9,25,44,0,76,0,1,18,95,0,34,2,2,5,0,3,1
Garfield Ridge,12,4,6,3,331,17,5,16,209,7,7,0,0,4,0,4,1,147,118,776,41,1,0,3,0,0,4,1,1,17,42,18,14,98,10,21,38,2,1,14,6,2,1,3,7,9,10,11,1,0,49,1,7,68,8,571,7,4,51,6,1,2,5,25,3,19,0,0,16,29,0,40,7,0,40,1,0,0,4,12,1,22,18,7,1,19,0,1,95,31,0,3,3,31,1,0,23,4,21,17,4,105,101,8,12,4,0,4,4,23,8,15,306,0,14,3,4,1,2,1,38,11,0,4,104,13,1,0,5,0,8,17,2,4,126,14,19,12,10,2,2,2,3,19,10,0,21,8,1,11,8,289,14,0,1,164,0,0,1944,0,3,0,9,44,4,9,0,4,5,12,0,3,37,13,21,16,47,140,0,7,7,117,0,4,2,1,2,7,3,3
Gladstone Park,7,0,2,3,7,0,0,8,1,6,1,0,0,0,0,0,0,0,1,56,13,0,0,0,0,1,0,0,0,1,1,0,0,0,7,0,5,0,0,9,0,0,0,6,0,3,25,2,0,0,1,0,0,0,3,1,16,2,5,3,0,0,0,1,0,2,0,0,8,0,0,2,5,2,33,1,0,0,1,1,0,13,5,1,0,3,0,0,4,10,0,0,0,1,0,0,0,6,0,0,0,8,10,0,3,2,0,2,8,22,29,21,56,0,3,8,1,0,1,0,1,3,0,1,3,8,0,0,3,0,2,3,0,3,25,0,3,0,0,0,1,1,0,0,2,0,0,2,0,1,0,21,0,0,0,13,0,0,162,0,0,0,5,0,3,0,0,0,0,0,0,0,0,0,1,0,0,15,0,1,11,16,0,1,0,0,0,0,3,0
Gold Coast,12,0,4,1,43,1,0,8,13,0,10,1,0,1,0,6,0,21,8,47,16,3,4,0,0,0,0,0,4,2,1,1,0,0,3,6,5,0,4,17,0,0,1,3,2,15,10,0,0,0,3,1,0,2,3,23,0,226,26,1,2,2,0,4,0,4,1,0,22,95,0,33,6,0,4,0,1,4,0,7,0,32,28,0,0,35,0,0,12,24,2,1,0,0,0,2,4,3,5,0,1,341,58,2,1,8,0,2,1,0,5,37,238,0,9,0,27,29,2,3,4,15,0,0,7,1,0,1,7,0,18,27,2,0,235,2,4,17,4,0,1,0,1,0,11,0,0,35,8,8,0,158,4,0,2,674,0,0,2313,0,1,0,0,14,4,0,0,0,0,1,0,6,0,2,5,7,1,193,0,2,8,64,0,4,2,0,5,0,9,4
Goose Island,4,0,3,0,49,0,0,16,17,2,8,0,0,0,0,1,0,9,3,33,18,0,4,0,0,2,0,0,0,1,1,0,0,0,10,7,9,0,0,9,0,0,3,0,0,9,9,0,1,0,5,2,1,3,2,7,0,4,113,4,0,2,0,2,0,4,0,0,12,19,0,8,6,0,21,2,0,0,3,2,0,23,28,3,0,10,0,0,22,34,0,0,0,4,0,2,1,5,0,0,0,64,19,2,1,8,0,1,1,3,1,11,44,1,17,0,6,2,0,11,0,6,0,0,14,9,0,0,2,0,7,17,3,0,71,12,0,6,1,0,4,0,4,0,19,6,3,9,0,0,10,74,1,1,1,85,0,0,421,0,0,1,0,9,0,0,1,0,0,2,0,2,0,0,9,11,4,44,0,0,8,53,0,11,2,1,1,0,8,1
Graceland West,11,0,13,0,11,0,1,10,5,1,9,1,0,2,4,5,1,5,5,19,13,1,15,0,0,0,0,0,0,0,0,1,0,2,3,2,8,0,2,15,0,0,2,2,3,26,7,4,0,0,5,0,0,1,0,3,0,9,33,67,0,0,0,2,1,6,2,0,5,22,0,15,5,0,13,0,0,0,2,1,1,53,27,0,0,29,0,0,3,18,0,0,10,2,0,1,2,2,0,0,0,86,21,2,0,22,0,2,4,4,5,14,64,0,12,0,5,13,1,0,1,11,1,1,15,9,2,0,8,0,6,39,8,0,94,2,30,1,0,0,2,1,2,1,10,2,0,17,1,4,8,109,3,0,0,134,0,1,612,0,0,0,1,5,34,0,1,0,0,0,0,2,0,1,2,13,0,70,0,0,19,58,0,2,0,0,2,1,7,7
Grand Crossing,5,8,7,2,30,12,4,3,38,4,7,0,0,5,0,2,3,14,19,104,6,2,2,9,3,10,3,0,21,3,11,7,3,0,1,5,4,8,29,15,0,4,3,3,1,9,4,30,0,3,5,3,7,7,6,3,0,8,10,6,65,20,0,4,4,4,1,0,4,87,0,36,2,0,6,1,0,1,3,29,1,6,12,2,0,6,0,2,46,7,2,0,2,15,4,0,6,4,27,5,0,60,28,1,2,1,7,0,3,0,1,7,106,1,6,0,4,1,0,1,13,7,0,7,17,3,1,3,1,0,2,14,0,0,65,2,10,4,9,1,2,1,0,2,2,2,0,16,10,14,4,135,36,0,22,120,4,1,648,1,0,0,0,18,4,0,6,3,6,12,7,1,4,4,4,3,4,71,0,7,11,31,2,3,1,5,30,1,2,0
Gresham,30,4,7,2,233,57,22,32,186,15,9,2,0,40,0,9,23,99,70,528,37,5,7,20,2,45,1,2,62,57,60,19,16,5,12,30,47,42,58,76,3,26,6,8,7,39,47,135,26,0,102,11,37,42,18,103,4,23,62,13,67,264,1,30,17,6,1,0,40,264,1,253,11,0,30,2,2,0,3,95,5,41,36,12,0,51,1,1,86,62,12,5,13,81,8,4,43,15,91,32,2,243,256,6,17,14,8,3,13,1,10,51,436,4,23,1,15,8,7,4,68,15,4,37,121,28,6,5,15,12,12,55,4,0,651,9,34,9,97,12,11,4,1,15,13,8,14,99,43,53,8,603,147,0,51,375,6,3,3593,7,20,2,0,73,17,0,16,21,26,86,23,0,7,62,21,28,17,370,6,22,26,174,16,30,0,2,63,70,2,2
Hanson Park,7,0,0,1,11,0,0,8,4,9,11,0,0,0,0,1,0,4,5,22,10,0,0,0,0,0,0,0,0,0,1,0,0,0,15,0,6,0,1,1,0,1,3,4,1,3,7,2,0,0,0,2,0,4,8,0,0,0,19,0,0,0,7,6,2,22,0,2,10,1,0,1,0,0,19,0,0,0,7,2,0,16,0,9,0,10,0,0,6,39,0,0,0,2,0,0,1,22,2,0,0,16,4,0,8,2,0,2,4,6,0,2,44,0,3,1,8,1,0,0,0,5,0,1,0,10,0,0,3,0,1,5,0,0,30,1,2,0,0,0,0,3,3,0,9,0,0,8,1,1,0,17,0,0,0,18,0,0,66,0,0,0,0,2,0,0,0,0,0,1,0,0,1,1,8,8,1,12,0,0,5,24,0,4,0,0,1,0,0,0
Heart of Chicago,10,0,1,0,171,1,0,25,143,2,3,0,1,0,5,0,5,112,55,92,51,0,0,2,0,0,0,0,1,6,2,11,1,8,16,28,10,0,2,59,2,0,13,4,3,8,4,3,0,0,17,0,0,17,5,34,0,7,59,3,1,1,3,387,0,27,2,2,88,20,0,74,13,0,20,2,0,0,10,8,0,44,15,5,0,31,0,0,131,71,0,3,0,13,1,2,32,5,23,0,1,60,92,5,5,2,1,1,7,7,0,32,92,1,19,0,3,7,5,12,6,4,0,4,214,8,3,0,3,0,4,14,0,0,103,16,5,7,1,2,0,3,0,2,6,0,0,30,3,1,1,184,9,0,0,151,0,0,673,1,11,2,0,41,6,0,0,4,2,2,1,1,2,7,8,27,10,76,0,1,5,207,0,21,0,0,0,0,3,1
Hegewisch,1,1,1,0,26,7,2,0,25,1,2,0,0,6,0,3,1,20,11,105,5,0,1,16,0,17,20,0,13,9,2,1,1,2,2,8,7,6,11,4,0,10,0,0,0,3,1,15,10,0,8,1,5,2,4,6,0,3,17,0,14,19,0,6,39,0,0,0,5,94,2,21,1,0,4,0,0,0,3,44,3,5,6,1,0,8,0,6,14,7,4,1,0,16,0,0,9,0,28,7,0,48,25,0,3,0,3,0,0,0,2,0,48,0,0,0,3,2,2,2,8,3,0,10,6,2,1,1,3,1,0,6,0,0,123,2,6,2,35,4,1,0,0,0,1,0,1,5,20,12,0,121,33,0,30,82,0,0,740,2,4,0,0,6,1,0,0,2,0,6,11,1,5,8,2,2,3,54,1,8,4,22,0,4,0,0,11,1,0,0
Hermosa,40,0,10,6,80,3,0,67,45,22,70,0,0,1,2,14,1,24,25,48,110,4,4,1,2,2,0,0,2,2,2,4,0,2,88,5,34,0,12,42,0,2,11,25,9,26,25,5,0,0,5,16,4,14,31,6,15,16,82,2,4,6,9,21,1,229,5,1,160,7,0,18,39,0,70,10,0,0,38,7,1,64,45,12,0,51,2,1,44,261,0,1,6,8,0,6,7,46,7,4,0,70,64,3,22,19,2,8,19,30,11,18,328,0,68,0,4,2,2,16,3,3,0,4,24,68,0,0,11,0,21,60,2,3,118,15,17,17,0,0,2,29,4,4,29,0,5,27,0,2,8,114,9,0,2,131,0,0,566,0,2,2,2,16,8,0,0,0,0,1,0,3,1,6,19,105,0,76,0,0,25,132,2,66,0,0,0,0,19,1
Hollywood Park,30,0,5,4,7,1,0,22,3,5,3,0,0,0,1,0,0,8,5,32,6,15,3,0,0,0,1,0,1,2,0,1,0,0,2,1,5,0,2,17,3,0,0,6,3,47,6,0,0,0,3,3,0,2,9,1,0,6,23,3,0,1,0,7,0,4,21,0,8,6,0,17,2,0,10,0,0,0,2,0,0,21,17,1,0,14,0,0,9,17,0,4,0,0,0,0,0,0,0,1,0,24,9,2,2,10,0,3,61,3,5,7,52,0,9,0,1,0,1,3,0,3,4,0,3,12,0,0,25,0,6,46,4,4,37,1,44,2,0,1,8,8,0,1,11,5,1,4,0,0,5,28,0,0,0,65,0,0,257,0,0,1,3,2,14,0,0,0,0,1,0,2,0,3,0,2,2,27,0,1,28,10,0,7,0,0,0,0,6,3
Homan Square,0,0,0,1,20,0,0,5,1,2,0,0,0,0,0,0,1,1,2,10,5,0,0,0,0,0,0,0,1,1,0,0,0,0,2,2,2,0,1,6,0,0,0,0,0,0,2,1,0,0,0,0,3,0,2,2,0,2,3,0,0,0,0,2,0,0,1,2,0,1,0,10,0,0,3,5,0,0,0,0,0,1,4,1,0,0,0,0,2,4,0,1,0,2,0,0,0,0,1,0,0,6,15,2,0,1,0,0,0,0,0,1,18,0,3,3,0,1,0,0,0,4,1,2,2,2,0,0,1,0,0,1,0,0,12,0,2,1,0,0,0,0,0,0,0,0,1,5,0,0,0,20,0,0,1,13,0,0,98,0,3,0,0,7,0,0,0,0,0,1,0,0,1,0,0,3,0,6,0,0,1,3,0,0,0,0,0,0,0,0
Humboldt Park,102,0,21,4,168,11,1,106,77,59,20,9,0,4,1,19,2,66,45,129,206,3,16,6,1,3,0,1,3,13,5,9,3,4,56,9,69,1,32,169,0,2,50,16,7,41,32,14,2,5,15,11,6,19,75,33,9,46,189,25,5,6,6,39,3,84,7,2,661,38,0,81,37,3,87,0,0,0,27,25,1,180,109,45,1,118,4,0,145,277,0,3,6,9,0,22,26,49,19,5,0,214,151,28,56,71,0,13,43,26,34,54,580,1,61,9,35,17,15,18,7,42,4,1,76,60,3,1,22,2,46,127,4,11,338,37,42,11,4,1,10,34,5,10,41,3,1,163,2,12,8,358,15,0,10,438,1,0,1793,2,25,22,5,37,28,1,1,2,3,8,3,6,11,13,60,130,10,228,1,1,32,449,3,172,0,1,5,5,26,26
Hyde Park,6,1,6,1,41,5,0,8,43,4,6,2,0,3,0,1,3,31,11,163,9,2,1,1,0,3,3,0,4,8,8,0,2,4,2,11,6,4,3,15,0,3,7,1,2,12,16,24,2,2,12,3,5,16,6,22,0,12,23,10,4,14,0,14,0,1,3,0,15,2520,6,46,6,0,6,0,0,22,1,14,4,23,13,3,0,19,0,0,41,6,4,0,1,18,2,1,9,3,15,0,0,120,34,4,2,4,1,1,13,1,1,11,146,2,5,0,5,7,3,1,19,5,1,3,9,7,0,0,4,0,3,20,1,1,103,8,12,6,23,0,2,1,0,9,5,2,1,33,17,11,4,328,56,0,13,177,0,1,1607,0,2,1,0,12,7,4,9,17,6,13,2,1,6,5,4,2,3,102,2,4,5,46,4,7,0,0,53,3,2,2
Ida B. Wells - Darrow Homes,1,2,0,1,14,0,0,1,18,1,3,2,0,3,0,0,1,15,0,70,3,1,1,0,0,1,0,0,10,6,2,1,0,0,0,2,5,0,10,1,0,0,0,0,0,3,4,13,2,0,2,0,5,0,2,19,0,6,13,2,6,2,0,0,2,0,0,0,2,39,8,11,2,0,0,0,0,0,1,5,4,6,6,0,0,6,0,3,8,2,0,0,1,4,0,0,14,1,2,0,0,31,13,0,1,0,0,0,2,0,0,3,32,0,1,0,2,1,0,0,4,1,1,2,4,2,2,1,0,0,0,6,0,0,33,0,6,0,3,0,0,1,0,3,1,0,0,8,4,20,2,81,8,0,0,55,0,7,302,4,4,0,0,7,3,0,0,7,1,2,2,3,0,1,0,1,2,30,1,0,2,16,0,0,0,0,25,0,0,1
Illinois Medical District,0,0,5,1,28,0,0,9,26,1,6,2,0,0,0,0,0,11,5,31,8,1,0,0,0,0,0,0,0,4,1,3,2,0,6,6,1,0,0,4,0,2,0,2,1,13,5,5,0,0,1,1,0,6,1,6,0,1,13,0,1,1,0,6,0,4,0,0,5,11,0,56,4,2,1,3,1,0,2,3,0,8,17,5,0,17,0,0,20,26,0,0,0,5,0,0,2,0,1,1,0,26,41,3,0,2,0,0,2,0,0,10,26,2,11,1,9,0,1,1,2,6,1,0,22,7,4,0,1,0,7,24,0,0,23,3,2,2,3,0,2,0,0,1,3,0,0,14,2,4,4,125,4,0,1,22,0,3,221,1,2,0,0,30,1,0,0,1,1,2,0,1,3,4,10,15,3,34,0,0,4,59,0,2,0,0,0,0,7,0
Irving Park,83,0,8,11,31,1,0,100,13,6,17,5,1,1,1,6,1,8,11,86,46,11,18,0,1,1,1,0,1,4,2,1,0,0,10,3,19,1,7,19,2,0,4,11,10,70,7,1,0,0,6,1,0,5,26,6,10,20,55,9,0,0,0,4,0,26,3,0,34,12,0,29,130,2,53,0,0,0,18,5,1,127,73,14,0,51,1,2,11,60,2,4,8,6,0,7,3,7,3,1,0,115,36,4,1,49,0,10,25,19,11,14,238,0,67,0,7,0,6,11,0,25,5,2,19,32,2,0,10,0,19,112,4,9,141,12,47,9,1,0,7,19,1,1,10,0,0,14,0,3,4,124,5,0,1,218,0,1,799,1,2,4,11,2,20,1,0,0,0,3,0,6,1,1,2,12,3,57,0,3,34,67,0,17,0,0,0,0,29,5
Irving Woods,1,0,0,0,20,0,0,14,5,5,3,7,8,2,1,0,0,2,6,102,23,8,0,0,0,0,0,0,0,1,0,1,0,2,14,0,23,0,0,0,0,1,1,3,0,5,17,2,0,0,1,4,1,4,5,1,7,0,11,3,1,0,3,0,1,4,0,0,8,4,0,10,2,18,20,1,0,0,3,1,0,18,10,2,0,2,0,0,3,12,0,0,2,1,0,0,0,15,4,0,0,7,15,0,5,4,0,4,9,3,29,28,142,0,13,9,1,0,3,1,0,4,0,0,6,19,0,0,2,0,2,5,0,0,29,0,14,1,0,0,0,4,11,1,6,1,0,4,1,0,0,43,0,0,0,29,0,0,276,0,2,0,5,1,0,0,0,0,0,0,0,0,1,1,3,0,1,16,0,0,3,19,0,2,1,1,0,0,0,1
Jefferson Park,112,1,15,12,92,8,1,114,65,37,30,14,1,1,35,28,1,34,30,551,110,12,16,3,0,1,1,0,0,7,7,6,0,7,79,7,140,2,8,45,5,0,20,113,23,112,117,10,1,0,12,40,3,27,42,13,111,23,136,30,1,6,7,11,1,75,9,0,83,26,0,69,30,5,715,8,0,3,29,17,0,149,90,20,0,85,3,0,55,226,0,4,8,17,0,31,13,73,9,4,0,247,140,18,17,66,0,55,85,181,240,178,886,0,150,13,22,13,20,44,1,34,6,3,32,303,2,0,28,1,38,150,13,10,367,15,67,12,2,3,53,69,13,2,31,5,0,40,3,8,19,358,7,0,2,448,0,0,2788,0,4,2,33,29,26,0,0,2,0,5,2,6,6,11,17,37,6,188,0,3,117,193,0,46,9,0,4,0,16,5
Kelvin Park,11,0,0,0,17,0,0,13,5,9,12,0,0,0,0,1,0,2,7,14,8,3,8,0,0,0,0,0,0,1,0,0,0,1,17,0,4,0,2,9,0,0,0,4,0,7,1,1,0,0,1,0,0,3,12,2,1,0,23,0,0,1,0,1,0,19,1,0,12,1,0,8,1,0,23,22,0,0,9,3,0,17,5,9,0,10,0,0,6,74,0,0,0,2,0,3,0,15,3,0,0,16,12,3,1,4,0,4,6,2,7,8,34,0,12,0,2,0,3,7,2,3,0,0,5,25,0,0,0,0,4,12,2,4,21,1,10,1,0,0,6,6,1,0,0,5,1,3,0,0,3,26,1,0,0,47,0,0,169,0,1,1,0,0,3,0,1,0,0,0,0,1,0,1,4,5,0,16,0,0,13,23,0,10,2,0,0,0,6,0
Kennedy Park,3,2,0,0,8,0,0,4,6,1,0,0,0,11,0,1,0,14,4,172,2,0,1,0,0,3,0,0,2,2,1,1,0,0,2,4,3,2,0,0,0,1,0,1,0,1,1,2,4,0,1,0,0,3,2,2,0,2,5,1,0,0,0,0,0,0,0,0,6,7,0,9,1,0,1,0,23,0,0,5,0,1,1,1,0,3,0,0,5,3,2,0,0,2,1,0,4,3,41,24,3,11,9,0,0,0,0,0,0,0,0,5,20,0,1,0,1,1,1,0,1,5,0,3,3,3,0,0,0,0,0,3,0,0,17,1,0,1,11,0,0,0,0,3,0,0,0,3,0,1,0,50,0,0,5,28,0,0,360,0,0,0,0,4,0,0,0,0,9,1,1,0,0,1,1,2,3,18,13,5,0,4,0,1,0,0,3,0,0,0
Kenwood,2,1,1,0,12,1,0,3,8,0,1,0,0,1,0,2,0,4,2,60,2,1,0,0,2,2,0,0,5,1,1,0,0,0,0,0,2,0,0,3,1,1,0,0,0,1,2,6,1,0,8,0,0,0,1,1,0,6,12,1,0,6,0,0,0,0,0,0,2,296,1,18,0,0,0,0,0,25,0,7,0,4,6,0,0,5,0,1,2,2,0,0,0,4,0,0,3,0,4,0,0,50,7,0,0,0,7,0,2,0,0,2,24,0,1,0,2,0,0,0,2,3,0,1,7,4,0,0,3,0,1,4,2,0,43,0,2,0,7,0,0,0,0,0,1,0,0,12,4,6,0,72,15,0,1,81,0,0,372,0,0,0,0,1,1,0,0,0,0,0,0,0,3,0,0,2,0,31,0,0,1,25,3,0,0,1,1,1,1,0
Kilbourn Park,23,0,2,1,24,0,0,54,5,23,24,1,0,0,0,16,1,8,11,40,16,0,2,0,0,0,0,0,0,1,2,0,0,1,23,0,29,1,3,13,0,0,2,12,0,6,3,1,0,0,3,10,1,0,13,1,3,5,18,2,0,0,2,6,0,10,0,0,19,10,0,7,12,3,44,1,0,0,69,5,1,53,25,2,0,17,2,0,13,56,0,1,0,0,1,1,3,10,2,1,1,34,11,0,1,12,0,8,5,6,5,22,126,0,40,1,10,0,1,10,0,2,1,1,12,62,0,0,8,0,10,27,3,2,43,4,14,10,0,0,2,16,6,1,6,0,0,4,0,0,1,38,0,0,1,52,0,0,291,0,0,0,1,5,5,0,0,0,0,2,0,2,0,1,0,5,1,31,0,2,16,47,0,6,0,0,0,1,13,3
Lake Calumet,5,23,7,0,33,5,3,5,49,2,5,0,0,3,0,0,16,20,12,115,8,0,0,20,0,12,2,0,14,8,9,5,3,2,2,6,9,5,9,11,0,28,1,3,0,6,8,20,18,0,15,1,10,2,6,20,0,3,21,6,32,6,1,6,36,4,0,0,8,73,1,29,2,0,8,1,2,1,1,130,6,8,2,0,0,11,1,3,13,7,3,1,0,11,1,0,7,8,39,17,0,62,26,1,1,0,0,1,3,2,2,7,98,1,5,0,3,2,1,1,6,6,0,1,13,5,3,0,1,3,2,14,2,0,117,6,13,1,40,17,0,0,0,8,3,2,2,19,35,10,1,137,31,0,31,86,1,2,792,1,0,0,2,10,3,0,5,3,1,25,11,1,0,6,7,2,3,71,0,21,9,32,4,6,0,12,26,6,0,0
Lake Meadows,1,0,0,0,6,0,1,0,7,0,0,0,0,6,0,0,1,2,4,79,1,0,1,3,0,6,0,0,1,6,1,0,0,0,0,1,3,0,7,2,0,4,0,0,0,1,0,10,5,1,6,0,9,0,1,6,0,0,2,1,7,4,0,3,0,0,0,0,2,37,0,21,1,0,6,0,0,0,1,1,0,1,3,0,0,0,0,0,5,1,0,0,0,3,1,1,0,2,1,1,0,19,30,0,0,0,0,0,2,0,0,4,30,1,2,0,0,0,0,0,5,2,0,0,5,1,2,2,0,1,3,3,0,0,57,2,0,0,4,0,0,0,0,1,1,0,0,7,5,1,1,110,3,0,0,60,0,2,499,0,2,0,0,4,2,0,1,0,0,1,0,0,3,0,2,0,3,29,1,1,0,23,0,1,0,1,4,2,0,0
Lake View,37,0,33,6,86,2,2,82,57,14,26,11,0,1,2,9,2,65,34,178,174,33,40,1,5,2,0,0,0,4,2,8,0,2,10,13,27,1,4,87,1,0,23,20,25,130,62,18,0,0,24,5,3,7,15,42,9,63,301,31,6,7,6,17,0,23,8,0,102,273,2,113,46,3,69,2,2,2,19,13,1,1023,308,34,0,320,4,0,39,59,0,8,11,4,2,3,6,15,1,3,0,951,248,22,7,113,2,19,51,25,40,199,602,0,76,10,60,55,15,9,3,113,6,2,51,56,2,0,21,0,95,438,8,8,741,63,47,48,6,1,22,25,3,2,120,2,1,91,2,9,11,505,16,0,1,1644,0,0,8796,0,7,4,8,57,41,0,1,0,3,0,0,14,2,4,21,31,5,792,1,1,68,340,3,60,2,0,8,0,100,91
Lake View East,32,2,43,7,79,3,1,44,19,13,13,12,0,4,1,1,1,29,27,131,116,21,37,4,2,0,1,0,0,5,4,4,0,1,3,24,20,0,2,49,1,2,5,8,8,103,61,7,0,0,12,0,0,3,17,29,4,53,137,23,3,2,0,3,0,7,9,0,67,224,0,71,5,0,30,0,0,0,1,20,1,378,787,25,0,248,0,1,27,44,2,9,2,3,0,11,7,8,2,5,0,927,207,6,5,33,3,7,32,8,25,109,504,2,40,0,52,56,3,6,4,116,5,1,39,39,2,0,12,0,84,171,4,9,704,38,36,15,3,2,27,8,2,3,64,9,0,77,6,2,19,516,9,0,1,1698,0,0,6699,0,5,0,3,42,30,0,0,0,2,1,0,6,4,5,14,23,2,689,0,1,56,177,1,19,3,0,6,0,33,46
Lathrop Homes,0,0,1,0,8,0,0,6,6,0,0,0,0,0,0,0,0,2,5,9,13,1,0,0,0,0,0,0,0,0,0,0,0,0,0,0,2,0,0,8,0,0,2,0,0,7,1,1,0,0,3,0,0,1,2,1,0,3,30,0,0,0,0,0,0,0,0,0,0,13,0,2,0,0,2,1,0,0,1,0,0,40,11,32,0,16,0,0,4,14,0,0,1,0,0,0,0,0,1,1,0,25,6,2,0,1,0,0,0,0,2,7,14,0,4,0,1,5,0,1,1,10,0,0,1,0,0,0,0,0,7,8,1,3,48,4,4,5,1,0,0,2,0,1,8,0,0,3,0,1,0,25,0,0,0,72,0,0,288,0,0,0,1,0,1,0,0,0,0,1,0,2,0,1,1,5,0,35,0,0,3,18,1,8,0,0,1,0,1,10
LeClaire Courts,0,0,1,0,46,3,0,2,4,0,2,0,0,0,0,2,0,7,2,15,4,0,0,2,0,0,0,0,2,4,9,0,3,0,1,7,6,0,2,6,0,0,0,0,0,1,3,3,0,0,5,1,0,7,3,8,2,0,9,2,1,3,0,3,0,1,0,0,2,2,0,9,1,0,5,0,0,0,0,3,0,6,1,1,4,2,0,0,7,12,0,0,0,3,1,0,1,2,7,0,0,20,18,1,2,2,0,0,1,0,1,2,20,0,3,0,3,0,1,1,0,0,1,2,3,1,3,0,0,0,3,1,0,1,29,2,2,0,2,0,0,0,0,3,1,0,11,18,0,0,2,35,1,0,0,24,0,0,184,0,1,2,0,1,0,0,0,15,0,3,0,1,3,0,9,1,1,27,0,0,3,9,0,6,1,0,0,0,0,0
Lincoln Park,4,0,6,5,31,0,2,13,8,0,1,0,0,1,1,4,1,13,6,50,34,0,8,0,0,0,0,0,0,2,4,1,0,1,1,7,11,0,1,14,0,1,3,6,3,32,14,4,0,1,6,0,0,5,2,11,2,22,72,4,2,4,0,2,0,2,2,0,17,83,0,18,1,0,16,0,0,1,1,4,0,81,46,8,0,266,1,0,9,13,0,5,1,1,0,0,0,5,2,0,0,289,83,5,0,23,0,2,11,0,9,41,146,3,6,5,40,44,0,10,0,18,0,0,9,5,0,0,0,1,43,46,1,0,255,10,20,4,1,0,1,1,1,2,29,1,0,24,2,1,3,143,7,0,0,487,0,0,2592,0,1,0,1,17,5,1,0,0,0,0,0,5,3,0,4,4,4,229,0,0,14,62,0,5,1,0,0,0,43,6
Lincoln Square,10,0,4,2,4,2,0,8,3,4,6,0,0,0,1,8,0,2,8,10,13,4,7,0,0,0,0,0,1,0,2,0,0,0,1,1,6,1,3,11,0,1,0,1,5,14,5,1,0,0,0,0,0,1,0,0,3,4,18,5,0,0,0,0,0,3,0,0,5,8,0,3,1,0,16,0,0,0,2,1,0,28,9,5,0,13,9,0,8,6,0,3,4,1,0,1,1,1,1,0,0,35,16,1,1,6,0,5,9,1,2,16,28,0,5,0,1,5,2,3,0,10,1,0,6,8,0,0,2,0,14,70,3,0,38,0,13,3,0,0,3,2,0,1,7,1,0,5,0,0,6,30,0,0,0,79,0,0,372,0,0,0,1,4,1,0,0,0,0,0,0,1,0,1,1,2,1,32,0,0,9,16,0,4,0,0,1,0,3,1
Little Calumet River,1,0,0,1,3,1,3,0,3,0,0,0,0,0,0,0,0,5,2,77,2,0,0,0,0,3,7,0,0,0,2,0,0,1,1,0,1,0,0,2,0,13,1,0,0,0,0,1,0,0,2,1,0,4,1,2,0,0,6,0,0,0,0,0,0,0,0,0,2,35,0,3,0,0,3,0,0,0,0,41,0,4,0,0,0,1,0,18,4,2,2,0,0,5,0,0,2,0,1,4,0,12,6,0,0,0,0,0,0,0,0,1,14,0,0,0,0,1,0,1,0,1,0,0,4,0,0,0,2,4,0,4,1,0,21,1,2,1,2,0,0,0,0,0,0,0,0,2,11,0,0,15,8,0,3,26,2,0,193,0,0,0,0,2,0,0,0,0,0,3,0,0,3,1,1,2,2,15,0,2,1,16,0,0,0,61,1,0,0,1
Little Village,33,1,7,1,893,24,2,97,396,83,39,8,1,3,2,8,6,201,261,122,158,0,4,6,3,5,2,0,3,38,37,30,15,56,30,74,35,2,6,112,4,2,10,7,7,35,43,15,0,7,55,7,26,93,39,77,15,19,84,17,1,17,35,303,7,94,10,1,118,32,2,143,9,2,71,6,2,0,38,54,5,84,27,38,3,53,1,0,1461,206,0,7,3,86,5,4,49,35,67,6,3,207,202,11,34,19,0,7,11,27,4,30,226,0,44,2,21,13,21,13,12,5,3,6,247,37,8,0,9,0,5,39,3,3,273,44,26,14,3,2,1,10,10,3,20,0,10,90,6,22,11,440,18,0,6,275,2,3,1725,3,21,6,8,58,13,5,0,5,5,14,1,2,30,49,72,109,28,157,2,4,17,340,1,31,0,1,16,2,14,13
Logan Square,148,2,52,18,278,10,2,384,137,79,169,18,3,9,4,40,4,76,89,260,570,18,20,5,2,6,1,0,7,16,15,11,0,7,128,38,139,2,44,165,11,3,62,48,31,134,66,27,3,0,24,39,11,33,107,26,38,80,412,36,5,16,24,80,1,193,14,7,570,111,2,106,93,2,238,31,0,4,132,27,4,554,212,137,1,234,2,2,183,1455,1,5,13,24,2,42,40,114,32,3,0,474,258,48,41,118,1,46,108,72,80,140,1202,2,234,3,66,55,10,109,5,120,9,4,127,235,1,0,18,1,102,265,10,7,550,62,118,60,2,0,20,53,19,13,138,3,4,137,9,4,61,651,28,0,8,865,1,0,4102,0,10,17,18,70,41,1,1,3,3,12,4,20,6,22,66,147,5,444,2,0,98,594,2,216,8,1,6,3,71,40
Longwood Manor,2,3,2,0,16,1,0,4,20,0,3,0,0,8,0,1,3,14,9,101,2,1,1,9,0,4,0,0,5,5,9,1,1,3,2,1,4,16,6,7,2,1,1,1,0,6,4,9,9,0,11,4,2,9,2,9,0,3,7,1,7,2,0,1,4,0,0,0,4,36,0,17,1,0,4,0,0,1,1,11,0,3,5,2,0,3,0,0,7,5,23,0,0,12,1,1,7,4,5,1,0,18,33,1,0,1,0,0,0,0,0,1,52,0,5,0,1,1,0,0,2,0,0,3,4,4,3,4,0,1,2,5,1,0,55,5,4,1,22,6,2,1,0,2,1,1,0,8,10,5,1,76,10,0,7,25,0,0,499,0,2,0,1,5,1,0,0,4,5,4,3,1,0,10,2,2,5,48,0,1,2,14,0,4,0,0,11,8,1,0
Magnolia Glen,1,0,36,4,8,2,0,12,6,0,6,0,0,2,3,4,1,3,8,21,8,6,4,0,0,0,0,0,0,0,0,2,0,0,5,0,1,0,1,16,1,0,2,1,20,54,4,3,0,0,3,0,0,0,1,1,1,12,22,18,1,0,0,1,0,2,3,0,6,20,1,8,1,0,10,1,0,0,0,2,0,74,36,3,1,17,2,0,6,14,0,45,4,0,0,3,4,5,1,0,0,82,16,2,0,13,0,3,24,3,2,6,62,1,8,0,8,6,4,1,0,8,2,2,10,6,0,0,9,0,17,51,0,1,71,2,31,4,1,0,11,2,0,0,11,0,0,19,0,0,4,90,2,0,1,181,0,0,575,0,3,0,0,3,24,0,0,2,0,2,0,1,0,0,2,3,0,25,0,0,33,13,0,9,0,0,0,0,10,7
Margate Park,7,0,8,1,14,0,0,3,7,1,3,0,0,0,0,6,0,8,6,22,7,5,9,0,0,0,0,0,0,0,0,2,0,1,3,0,10,0,2,6,0,0,0,0,10,25,6,4,1,0,4,0,0,2,0,4,0,12,22,10,0,1,0,1,0,0,0,0,11,15,0,21,0,0,2,0,0,0,2,0,0,37,46,1,0,31,1,2,6,9,0,4,62,1,1,0,2,3,0,0,0,76,26,2,3,11,0,8,20,4,1,10,112,0,7,1,0,5,4,0,1,32,0,0,7,5,0,0,3,0,9,48,1,0,57,7,9,0,1,0,2,1,0,0,3,0,0,15,0,1,1,83,0,0,0,181,0,0,648,0,0,0,0,1,28,0,0,1,0,1,0,1,1,1,1,0,0,70,0,0,22,19,0,5,0,1,0,0,3,2
Marquette Park,17,3,3,3,244,51,3,27,202,19,18,0,0,14,0,9,9,118,122,299,44,4,3,5,0,13,2,0,22,65,47,5,17,25,15,20,46,14,20,43,0,4,11,3,5,14,22,57,12,2,68,1,25,118,20,109,0,6,48,7,25,28,4,34,6,17,4,1,32,102,1,126,2,0,38,0,2,0,10,34,1,39,28,15,1,27,3,2,106,63,11,1,3,180,8,1,32,10,48,13,0,112,144,1,1,6,8,6,9,2,7,38,322,1,20,0,1,5,2,3,151,8,0,13,100,18,9,3,6,2,6,22,2,2,379,9,10,6,19,1,9,3,2,12,7,0,7,61,30,14,14,350,34,0,23,230,2,3,1803,4,6,2,9,45,6,2,4,7,21,20,6,5,21,37,11,10,69,159,3,0,21,134,6,23,1,1,20,33,5,3
Marycrest,1,0,0,0,17,19,1,2,13,1,0,0,0,1,0,0,1,10,13,102,4,0,0,0,0,0,1,0,2,3,9,1,0,1,1,2,2,0,6,2,0,3,1,1,1,1,1,9,0,0,6,1,0,7,1,13,0,1,4,2,3,5,0,4,0,0,0,0,0,11,1,18,1,0,2,0,1,0,0,2,0,1,1,0,0,2,0,0,20,0,0,0,0,14,8,0,4,3,4,3,0,18,27,0,0,0,0,0,2,0,0,2,22,0,3,0,0,1,0,0,5,0,0,1,6,0,0,0,1,0,1,2,0,0,29,0,1,0,3,0,0,1,0,8,0,0,0,3,1,3,1,44,2,0,1,30,0,0,308,0,0,0,0,7,1,0,0,0,1,5,1,0,2,2,0,1,4,13,0,0,0,14,0,0,0,0,4,6,0,1
Mayfair,42,0,7,1,15,0,0,14,6,4,8,1,1,0,0,9,1,5,4,36,28,1,5,0,0,1,0,0,0,1,0,3,0,0,5,0,9,0,1,7,1,1,5,7,2,17,17,5,1,0,5,3,1,2,2,1,5,1,16,4,0,1,1,5,1,5,7,0,28,7,0,15,4,0,42,0,0,0,3,1,0,25,20,5,0,13,3,0,15,18,0,0,0,2,0,31,1,15,1,2,0,21,25,2,4,10,0,18,20,23,18,30,96,0,29,0,3,0,2,1,0,5,1,0,10,36,0,0,1,0,4,27,1,8,62,4,26,6,0,0,6,21,0,1,3,0,0,10,2,1,1,38,1,0,0,85,0,0,313,0,0,2,1,4,6,0,0,1,0,0,0,0,1,0,5,12,1,34,0,0,13,37,0,0,0,0,0,1,2,4
McKinley Park,3,0,0,0,104,2,3,12,187,6,9,9,0,2,5,1,3,205,125,101,27,0,0,1,0,0,0,1,2,12,4,72,1,7,5,15,2,3,0,28,0,9,5,0,0,5,8,5,1,1,20,0,1,61,3,48,0,6,27,1,1,2,1,71,1,8,0,0,15,26,0,21,3,2,13,1,0,1,1,8,1,18,18,5,1,12,0,0,56,45,1,0,1,18,2,2,93,4,7,9,1,59,89,1,0,7,0,3,2,17,0,17,60,0,6,0,11,4,0,2,1,13,0,0,102,5,0,0,2,2,1,6,1,0,84,14,3,2,5,0,0,2,0,12,5,0,0,25,1,5,1,158,20,0,4,92,0,0,637,3,9,0,8,17,7,0,0,5,10,3,0,2,27,7,7,12,14,60,0,3,5,87,0,5,0,0,1,2,2,2
Montclare,26,0,7,4,57,1,0,40,30,39,22,9,2,0,7,14,0,21,12,52,48,9,6,2,0,1,0,0,0,2,3,3,1,3,68,5,96,0,5,24,1,2,9,7,3,19,12,3,0,1,2,1,3,4,43,3,14,11,36,5,1,3,7,7,0,60,0,4,39,6,0,19,11,0,59,13,0,0,14,5,0,37,32,10,0,27,4,0,24,100,0,0,1,5,0,3,5,251,4,3,0,42,39,12,15,16,0,9,20,23,48,54,300,0,58,3,4,4,17,3,0,17,0,3,17,80,0,0,7,0,9,38,1,7,94,3,11,4,1,0,0,14,18,0,15,0,0,23,0,0,4,95,3,0,1,87,0,0,702,0,3,1,15,13,5,0,0,0,0,1,0,1,1,9,7,45,2,51,0,3,37,89,1,28,4,0,2,0,7,1
Morgan Park,4,3,5,1,56,8,1,7,46,6,7,1,0,20,0,3,8,50,15,331,10,1,2,11,2,11,1,0,16,14,10,12,13,0,4,8,16,21,17,15,0,2,2,1,1,5,7,21,24,1,28,2,5,21,4,25,1,4,27,7,15,31,0,6,2,10,0,0,7,147,0,77,8,0,15,1,11,0,2,36,3,9,15,2,0,13,0,8,22,13,10,2,1,15,2,0,9,5,148,34,4,77,57,0,1,2,2,2,1,0,2,19,140,1,10,0,5,2,1,1,34,11,0,1,17,9,0,2,1,3,4,14,0,0,149,10,4,6,90,3,5,3,0,2,3,1,4,14,14,27,7,256,24,0,13,165,2,1,1650,9,1,1,0,16,2,0,14,3,27,28,6,3,1,10,4,5,9,115,20,19,5,27,2,7,1,1,17,7,0,0
Mount Greenwood,3,0,4,1,45,7,1,5,56,3,5,0,0,21,1,1,4,72,19,863,6,1,0,0,0,1,0,3,1,4,11,9,8,7,1,8,8,4,0,12,0,5,1,1,0,3,1,14,3,0,18,1,5,28,2,54,0,2,26,6,2,11,0,7,0,5,0,0,12,58,0,16,4,0,4,0,10,0,1,10,1,12,7,2,0,7,0,1,30,6,1,0,1,27,6,1,8,6,24,219,17,55,45,0,4,2,0,0,3,0,0,19,98,0,6,1,5,1,1,0,28,6,0,0,44,6,0,0,1,1,2,11,0,0,37,5,6,4,9,0,3,3,1,13,2,1,2,10,6,5,6,145,4,0,0,84,0,0,1280,0,0,0,2,11,0,0,0,0,20,5,0,1,28,4,5,4,5,41,10,4,7,29,0,3,0,1,4,3,0,2
Mount Greenwood Heights,0,0,1,0,22,0,0,5,26,2,2,0,0,6,0,0,0,15,15,299,1,1,0,0,0,0,0,0,0,2,9,0,2,2,2,6,7,6,2,3,0,0,1,0,0,2,0,2,5,0,7,0,7,11,0,9,0,1,5,2,0,6,0,2,1,1,0,0,3,14,0,4,3,0,4,0,0,0,0,5,0,9,3,1,0,3,0,0,8,3,3,0,1,6,0,0,1,3,19,58,14,14,20,0,1,0,0,0,2,0,0,7,30,0,1,0,1,0,0,2,18,2,0,0,20,0,0,0,0,0,0,3,0,0,29,3,1,4,6,0,1,1,0,5,4,0,0,4,0,0,2,36,3,0,0,28,0,0,411,0,0,0,0,1,1,0,0,0,12,8,0,0,23,5,1,1,1,18,1,3,3,6,0,0,1,0,0,2,0,0
Near North,4,0,6,1,73,0,0,7,14,4,5,1,0,2,3,5,0,20,11,49,28,0,5,1,0,0,1,2,1,4,2,5,0,1,6,5,6,3,3,36,0,0,3,5,2,25,20,6,0,4,3,2,0,2,8,29,5,71,69,5,1,4,0,7,2,12,1,0,23,64,0,23,2,0,6,0,0,0,4,6,0,37,53,4,0,37,1,1,16,18,0,0,1,3,2,2,8,1,5,1,0,782,111,8,0,8,0,3,2,1,1,33,180,1,7,2,29,19,3,7,4,17,2,2,16,5,0,0,6,0,13,27,0,0,221,12,7,5,2,0,3,2,0,1,18,0,0,53,1,2,14,197,6,0,5,780,0,0,2756,0,7,4,0,17,6,0,3,3,1,8,1,9,0,1,8,7,2,232,1,2,10,89,0,16,0,0,0,0,2,6
Near West Side,28,1,2,0,79,1,0,10,22,12,6,6,0,0,2,3,1,53,11,83,32,2,9,1,0,4,0,0,1,13,15,4,0,2,6,9,8,1,6,29,0,1,0,0,2,19,28,3,0,2,0,2,8,11,7,17,0,4,27,3,1,2,1,12,3,16,1,1,6,40,0,167,18,0,4,2,1,1,6,2,4,39,31,2,0,19,0,0,49,28,2,1,0,10,1,0,7,4,1,3,0,74,194,4,10,26,1,2,9,1,1,31,96,0,10,0,8,1,2,4,1,12,4,0,45,3,2,0,5,0,1,25,2,7,94,7,5,9,2,0,3,2,0,2,8,5,3,47,2,27,0,154,4,0,3,118,0,0,882,1,8,4,1,40,3,2,0,5,2,2,0,3,1,0,2,14,5,141,0,0,4,116,2,20,1,0,0,0,2,0
Noble Square,7,0,6,0,17,1,1,7,14,6,8,1,0,0,0,3,0,12,13,46,69,4,0,1,0,1,0,0,0,0,0,1,0,1,0,1,7,0,4,20,0,1,23,3,0,12,10,2,0,0,2,0,1,2,2,2,0,3,55,3,1,1,0,3,0,3,0,0,21,15,0,2,1,0,9,1,0,0,1,4,0,45,28,4,0,25,0,0,11,23,1,4,0,0,0,0,4,6,5,2,0,85,38,45,0,11,0,1,6,5,5,15,86,2,6,0,20,1,2,0,1,13,0,2,23,4,0,1,1,0,13,31,0,0,117,9,12,11,0,0,4,9,0,0,23,0,0,9,1,0,2,110,3,0,1,142,0,0,637,0,3,1,0,27,3,0,1,0,0,1,0,2,0,3,4,6,0,90,0,1,17,81,0,47,0,1,2,0,10,4
North Austin,10,2,4,3,109,4,2,20,49,47,17,0,0,4,2,4,2,26,28,114,42,5,6,1,0,2,2,0,1,5,7,4,3,1,24,13,57,0,17,67,1,1,4,6,3,14,18,11,0,1,24,4,4,13,64,24,2,6,44,9,3,6,0,10,1,21,10,0,61,24,0,92,7,0,47,0,1,2,12,5,0,43,45,5,2,11,2,2,60,43,0,3,3,16,1,3,12,37,7,4,0,96,82,1,75,14,0,4,12,13,23,32,362,0,44,5,9,7,4,5,5,15,0,5,53,33,0,3,7,0,5,36,5,0,231,4,21,7,4,0,3,11,2,4,6,2,1,165,3,13,10,217,12,0,9,127,0,1,1271,0,7,5,5,36,12,0,1,3,1,5,0,2,5,5,62,42,7,105,0,0,23,90,3,11,1,1,5,3,3,0
North Center,40,0,12,2,48,3,0,51,11,2,8,0,0,1,0,19,1,16,26,77,69,22,14,0,1,0,0,0,0,1,1,2,0,1,4,1,29,1,2,27,0,1,11,14,21,55,22,4,0,1,4,3,0,2,5,5,3,9,90,22,1,1,1,3,0,18,5,0,16,30,0,13,20,0,34,4,0,1,0,4,0,225,85,19,0,98,3,0,35,17,0,6,2,6,1,7,3,5,4,3,0,262,82,1,4,311,0,11,24,7,14,48,174,0,30,1,20,26,3,2,1,27,4,3,22,17,1,0,9,0,25,175,8,5,206,17,34,45,5,0,18,11,1,1,54,5,0,27,3,1,9,175,2,0,0,408,0,0,1766,0,0,1,1,18,14,1,0,0,1,2,0,14,2,3,6,21,1,157,0,0,37,106,0,15,0,1,3,0,41,19
North Kenwood,0,1,0,0,7,0,0,2,14,1,0,1,0,1,0,0,2,11,1,42,0,0,1,0,0,3,0,0,1,3,1,0,0,0,0,3,0,1,0,5,0,0,0,0,0,2,2,0,1,0,6,0,1,1,0,8,0,8,19,0,4,6,0,0,0,0,0,0,3,53,0,14,0,0,0,0,0,0,1,5,1,4,1,0,0,3,0,0,3,0,0,0,1,2,0,0,1,1,3,1,0,36,6,1,0,0,11,1,2,0,0,5,12,3,0,0,2,0,0,0,3,3,0,4,9,2,0,1,1,0,3,1,0,0,46,1,2,1,1,1,1,1,0,0,0,1,0,9,1,2,1,58,6,0,2,47,1,0,281,0,0,0,0,1,1,0,0,0,0,2,0,0,0,3,4,6,0,34,0,3,0,4,0,5,0,0,6,0,0,0
North Mayfair,27,0,6,5,13,1,1,10,10,5,5,4,0,0,0,5,1,4,5,32,27,10,0,0,1,0,0,0,0,2,1,0,0,0,14,0,11,0,2,11,0,0,1,18,7,28,18,2,0,0,6,2,0,1,4,0,8,4,13,1,0,1,0,11,0,3,0,0,25,4,0,10,2,0,37,0,0,0,8,1,1,36,18,1,0,18,1,0,9,19,0,0,2,3,0,19,2,1,1,1,0,48,11,0,0,5,0,82,37,5,12,18,102,0,14,3,2,2,2,2,0,3,2,2,9,15,0,0,2,0,4,43,8,1,72,4,17,1,0,0,16,16,0,0,5,0,0,8,0,0,9,58,1,0,0,71,0,0,325,0,0,0,2,1,9,0,0,0,0,2,0,1,2,1,3,3,0,28,0,1,43,20,0,5,0,0,0,0,1,0
North Park,67,0,14,7,11,1,0,20,6,7,0,1,0,0,1,3,0,5,6,49,23,36,8,0,0,2,0,0,0,0,0,0,0,1,4,0,7,0,4,7,0,0,4,2,1,72,3,1,1,0,2,0,1,2,4,2,8,10,11,1,0,0,0,3,0,4,25,0,15,3,0,12,6,0,5,0,0,0,2,3,0,23,24,8,0,23,0,0,15,7,0,2,2,7,0,7,2,4,0,0,0,21,21,4,3,10,0,4,247,4,9,13,90,0,18,1,4,0,7,0,0,14,1,1,18,5,0,0,21,0,11,58,0,7,76,4,22,8,1,0,4,9,2,0,2,2,0,14,0,0,3,60,1,0,0,77,0,0,325,0,1,0,0,3,9,0,1,0,0,0,0,2,1,1,0,2,0,30,0,0,30,13,0,5,0,0,0,0,2,1
Norwood Park East,18,0,1,2,27,6,0,28,12,7,10,5,0,0,1,7,0,5,3,230,15,1,2,0,0,0,0,0,0,2,5,3,0,2,16,1,40,1,2,4,4,0,0,37,1,19,94,3,0,0,5,9,3,15,6,4,16,4,35,6,0,2,2,1,1,10,2,0,7,9,0,16,3,0,97,3,0,0,8,1,0,32,22,3,0,7,0,1,6,42,0,2,0,3,1,1,3,11,2,4,0,67,31,0,2,7,0,9,21,196,91,53,214,0,15,15,3,4,8,3,1,11,1,2,20,32,0,0,2,0,10,20,0,2,89,5,13,4,0,0,10,5,2,0,8,1,1,12,1,5,3,98,4,0,0,113,0,0,782,0,0,1,13,3,0,0,0,0,0,1,0,7,1,3,0,10,0,68,0,0,8,44,0,5,0,0,0,0,0,6
Norwood Park West,6,0,0,0,2,0,0,9,8,0,5,7,0,0,2,4,0,3,3,45,2,0,0,0,0,0,0,0,0,0,0,1,0,0,8,2,15,0,0,0,0,0,3,3,1,2,51,0,0,0,1,2,1,6,3,0,3,0,10,1,0,0,0,1,0,2,0,0,1,0,0,1,0,0,16,0,0,0,0,2,0,11,4,0,0,2,0,0,4,4,0,0,0,1,0,0,5,1,1,0,0,16,10,0,0,0,0,0,0,12,90,17,66,0,14,3,3,1,2,0,0,2,0,0,4,18,0,0,1,0,1,6,0,0,16,1,2,2,0,0,5,1,1,1,3,0,0,1,0,0,0,30,0,0,0,25,0,0,176,0,0,0,5,3,0,0,0,0,0,0,0,1,2,1,2,2,1,20,0,2,2,5,0,0,2,0,0,0,2,1
O'Hare,12,0,1,1,29,1,1,33,15,15,4,10,0,0,6,1,2,4,5,236,9,4,0,0,2,1,0,0,0,3,4,1,0,0,24,7,23,0,0,4,0,1,1,8,9,11,30,1,0,1,2,1,1,11,5,7,7,4,29,0,0,3,0,7,1,13,0,1,14,7,0,5,0,0,25,4,0,0,2,2,0,13,13,2,0,11,0,0,14,40,0,2,3,3,0,3,2,18,5,0,0,60,26,0,9,0,1,6,10,12,51,220,494,0,7,5,8,0,11,5,0,6,0,0,7,52,0,0,2,0,3,21,0,0,54,2,11,0,0,0,11,5,4,1,8,0,0,4,0,1,1,55,2,0,0,79,0,0,618,0,1,1,3,8,6,0,0,0,0,1,1,3,3,2,6,0,1,41,0,0,16,37,0,8,1,0,1,0,0,7
O'Hare International Airport,0,0,0,0,0,0,0,0,0,0,0,0,0,0,0,0,0,0,0,0,0,0,0,0,0,0,0,0,0,0,2,0,0,0,0,0,0,0,0,0,0,0,0,0,0,0,0,0,0,0,0,0,0,0,4,0,0,0,0,0,0,0,0,0,0,0,0,0,0,0,0,0,0,0,2,0,0,0,0,0,0,6,0,0,0,0,0,0,0,0,0,0,0,0,0,0,0,0,0,0,0,0,0,0,0,0,0,0,0,0,0,0,36,0,0,0,0,0,0,0,0,0,0,0,0,0,0,0,0,0,0,0,0,0,0,0,0,0,0,0,0,0,0,0,0,0,0,2,0,0,0,2,0,0,0,0,0,0,12,0,0,0,0,2,0,0,0,0,0,0,0,0,0,0,0,0,0,0,0,0,0,0,0,2,0,0,0,0,0,0
Oakland,1,0,1,0,21,0,3,3,27,2,1,0,0,2,0,0,0,10,5,77,1,1,0,4,0,1,1,0,9,0,2,0,0,0,0,1,0,0,7,5,1,1,0,2,0,5,3,5,0,0,2,0,2,0,0,7,0,0,6,1,5,5,0,13,1,0,0,0,2,25,4,18,1,0,0,1,0,0,1,1,0,7,4,3,0,1,0,0,22,2,3,0,3,1,0,0,1,5,3,0,0,9,5,0,1,1,7,0,3,0,0,3,40,10,5,0,1,4,1,0,4,1,0,1,7,0,0,0,2,0,0,9,0,0,21,1,5,0,3,2,0,0,0,0,0,0,0,7,3,9,2,58,8,0,5,29,0,0,221,0,0,1,0,4,0,0,0,4,0,3,0,0,1,2,1,0,0,41,0,0,1,7,3,1,0,0,8,0,1,0
Old Irving Park,73,0,4,3,33,1,0,63,17,6,18,4,1,0,0,5,1,13,5,78,33,3,5,0,0,0,0,0,1,5,1,1,0,1,22,4,39,0,13,18,0,1,1,18,8,22,29,4,0,0,5,7,3,4,5,8,14,12,46,12,0,5,0,3,0,23,3,0,42,9,0,25,12,0,67,4,0,0,18,7,1,57,36,6,0,32,4,0,19,62,0,6,3,6,0,20,8,15,2,4,1,102,43,2,8,15,0,20,26,21,19,36,290,0,209,9,13,4,6,6,0,14,0,0,30,69,0,0,5,1,10,69,9,15,132,8,11,4,4,0,10,20,2,1,14,0,0,17,1,1,6,117,3,0,0,154,0,0,937,0,1,0,1,5,7,0,0,0,1,1,0,4,1,5,10,12,4,93,0,0,34,49,1,7,0,0,2,0,4,9
Old Norwood Park,7,0,0,1,16,0,0,14,4,1,9,1,0,0,0,2,0,6,3,132,1,1,4,0,0,0,0,0,0,1,2,7,0,3,1,3,25,0,1,0,0,0,0,5,1,15,78,5,0,1,1,0,2,4,5,3,5,3,13,3,0,0,0,2,0,0,0,0,3,4,0,12,1,0,20,1,0,0,4,2,0,24,11,1,0,6,0,0,3,4,0,0,0,2,0,3,0,8,2,1,0,29,13,0,4,2,0,3,5,29,99,21,108,0,14,55,12,2,11,0,0,1,5,0,4,27,0,0,0,0,6,14,0,0,31,1,3,3,0,0,11,3,4,0,0,0,0,2,0,0,0,46,1,0,0,47,0,0,420,0,0,0,13,4,0,0,0,0,0,1,0,9,2,2,1,7,1,37,0,0,6,28,2,2,0,0,1,1,3,0
Old Town,1,0,1,0,52,0,0,7,6,3,1,0,0,0,0,1,2,13,5,14,24,1,0,0,0,0,0,1,1,1,0,0,0,0,5,3,5,1,3,14,0,0,4,4,1,5,4,0,0,0,7,0,1,1,3,12,0,18,37,0,0,5,0,0,0,5,1,0,21,37,0,9,5,0,5,3,1,0,3,2,0,26,22,1,0,39,0,0,12,12,0,0,0,0,0,1,2,1,2,0,0,171,31,13,1,3,0,1,0,3,0,23,80,1,3,0,106,20,4,7,5,7,1,0,5,5,2,0,1,0,10,15,0,0,138,14,4,1,0,0,0,0,0,0,11,3,0,13,0,16,3,66,1,0,2,220,0,0,1003,0,0,2,0,6,0,0,1,0,0,1,0,0,0,2,5,11,0,82,0,2,6,52,3,5,0,0,1,0,10,0
Old Town Triangle,5,0,3,1,13,1,0,0,4,7,1,0,0,0,0,2,0,10,8,27,22,1,0,1,0,0,0,0,0,2,0,0,0,0,4,2,10,0,0,14,0,0,3,1,0,16,6,3,0,0,4,0,0,0,6,4,4,22,40,3,1,0,1,4,0,0,0,0,6,44,0,16,1,0,7,0,0,1,4,4,0,23,21,4,0,60,0,0,3,8,0,0,0,1,0,0,0,1,2,0,0,180,39,1,3,5,0,2,13,1,3,18,60,0,3,0,19,100,0,0,0,12,0,0,3,2,0,0,0,0,11,15,0,0,179,9,2,0,2,1,6,0,4,0,19,0,0,9,2,0,1,71,4,0,0,329,0,0,1523,0,0,3,0,4,0,0,0,0,1,0,0,1,0,1,2,5,1,131,1,0,3,57,0,12,0,0,0,0,9,5
Oriole Park,9,0,8,0,21,0,0,9,11,4,5,2,1,0,4,1,0,5,5,118,3,0,8,0,0,0,0,0,0,0,3,2,0,0,9,0,21,0,0,6,0,0,0,7,1,8,19,0,0,0,3,1,1,3,3,3,5,2,15,2,0,0,4,5,0,6,0,0,5,1,0,2,5,2,39,0,0,0,5,2,0,37,11,0,0,4,0,0,8,4,0,1,0,1,0,1,3,12,4,0,0,33,12,0,1,2,0,7,9,9,71,29,152,0,12,5,0,0,63,3,0,1,0,0,11,29,0,0,0,1,2,16,0,0,20,5,6,0,0,0,4,4,1,0,11,2,0,0,1,1,2,53,1,0,0,41,0,0,389,0,0,0,17,0,4,0,0,0,0,1,1,3,0,0,1,4,0,15,0,0,0,27,0,3,0,0,0,0,2,0
Palmer Square,8,0,2,0,54,0,0,28,16,1,5,1,0,2,0,8,0,9,8,20,88,4,2,0,0,3,0,0,2,0,1,1,0,2,5,2,13,0,4,26,1,0,10,4,5,15,9,5,0,0,4,0,0,2,8,2,1,6,43,7,0,1,0,4,0,15,0,0,69,16,0,9,9,0,20,0,0,0,10,4,0,59,15,15,0,38,0,0,15,57,1,0,2,1,0,0,11,16,1,0,0,80,22,7,0,17,0,0,11,3,8,8,186,1,25,3,6,9,4,77,0,3,0,1,19,20,1,0,3,0,33,32,2,0,67,9,17,13,0,0,3,5,1,1,22,4,0,13,2,3,1,87,2,0,1,116,0,0,490,0,1,5,1,9,11,0,0,0,0,1,0,1,0,6,3,12,0,53,1,0,11,74,0,29,0,0,1,2,6,9
Park Manor,9,0,2,1,71,3,5,9,51,3,9,0,0,7,1,3,4,34,18,181,8,3,4,9,1,18,2,0,47,13,10,2,0,2,2,4,10,5,14,21,2,2,2,2,2,12,10,61,1,3,29,6,18,4,2,18,0,19,30,4,31,22,0,25,5,3,0,0,13,144,0,38,5,0,8,0,0,2,4,32,4,16,12,5,1,15,0,2,45,8,2,0,5,18,0,2,10,4,22,3,0,93,65,1,2,0,6,0,6,1,3,15,146,3,7,0,11,3,1,0,73,4,0,4,36,8,0,0,5,1,7,21,3,0,153,8,25,6,36,3,2,1,0,2,2,4,1,46,28,19,2,273,52,0,20,161,6,1,1171,3,4,0,0,17,4,0,4,21,1,16,12,0,3,16,3,7,2,92,1,12,16,44,7,6,1,2,44,7,0,0
Park West,8,0,6,0,25,0,1,6,8,4,3,4,0,1,1,1,0,15,2,42,43,4,14,0,0,0,0,0,0,1,0,3,0,2,1,8,7,0,1,14,2,2,4,3,8,23,1,3,0,0,6,2,0,1,6,14,0,16,67,3,0,0,0,5,0,0,0,0,6,66,0,23,1,0,10,1,0,0,1,5,1,70,84,2,0,152,0,0,3,2,0,7,3,1,0,0,3,3,2,0,0,250,57,2,6,11,0,3,2,0,10,51,44,0,8,0,12,17,4,2,1,140,1,1,5,5,0,0,1,1,32,23,0,2,229,14,7,2,0,0,10,1,0,0,33,2,0,20,0,3,1,134,4,0,1,502,0,0,2313,0,1,0,0,11,2,0,0,1,1,0,0,0,0,2,10,8,2,225,0,1,14,73,2,5,0,0,2,0,15,19
Peterson Park,3,0,2,4,2,0,1,3,3,1,1,0,0,0,2,4,0,1,2,12,2,1,0,0,0,0,0,0,0,0,0,0,0,0,1,0,0,0,1,2,1,0,0,1,4,10,4,2,0,0,0,0,0,0,1,2,0,1,0,5,0,0,0,0,0,0,1,1,3,4,0,4,0,0,4,0,0,0,0,1,0,6,7,3,0,1,1,0,3,5,1,1,0,3,0,1,0,2,0,0,0,7,3,0,0,5,0,1,12,1,2,2,16,0,1,0,0,1,0,2,2,1,5,0,0,1,0,0,7,0,2,18,0,1,9,0,12,1,2,0,1,6,0,0,0,1,0,1,0,0,0,12,0,0,0,12,0,0,77,0,0,0,0,0,4,0,0,0,1,1,0,1,0,1,0,0,1,7,0,0,33,6,0,0,0,0,0,0,1,0
Pill Hill,1,1,2,1,13,0,2,3,23,1,1,0,0,5,0,1,4,9,9,115,5,0,0,6,0,15,0,0,14,3,3,1,0,1,0,1,3,1,3,6,0,4,0,0,0,4,3,12,1,0,2,1,2,4,2,6,0,1,6,1,4,6,0,5,11,2,0,0,2,60,0,28,6,0,2,0,0,0,2,21,1,3,4,2,0,4,0,3,8,5,1,0,1,9,0,0,6,0,7,2,1,32,25,0,0,2,0,0,4,0,0,1,30,1,1,0,1,0,1,0,5,4,1,21,5,2,2,0,0,0,0,6,1,1,84,4,3,4,28,2,0,2,0,0,0,0,0,9,12,5,0,101,26,0,23,80,2,0,797,0,5,1,0,11,1,0,3,0,0,6,6,0,1,0,0,2,4,49,0,0,2,7,1,1,0,3,5,0,1,0
Pilsen,5,1,2,0,113,4,1,39,108,3,9,0,0,1,1,2,1,76,25,46,49,1,0,1,0,0,0,3,0,1,7,10,0,12,2,12,10,2,2,26,8,0,1,0,1,2,3,14,0,4,4,1,0,4,11,18,0,7,27,5,0,4,8,108,0,3,2,1,73,6,0,48,5,3,10,3,0,3,6,11,0,54,9,6,0,31,1,0,122,42,0,0,0,5,0,1,24,7,11,0,0,50,76,9,2,5,2,1,2,3,3,4,50,0,7,2,10,3,0,7,3,5,0,1,338,10,0,0,8,0,7,6,0,0,84,6,7,7,1,3,3,1,0,1,10,0,3,21,5,0,1,180,6,0,2,107,1,0,615,0,6,0,0,41,5,0,0,2,0,3,0,6,1,3,21,30,6,48,0,0,4,87,0,7,0,0,2,1,5,13
Portage Park,113,2,20,10,108,3,3,167,56,132,61,29,1,1,23,40,1,46,32,336,119,16,19,0,0,2,1,0,0,3,6,5,0,5,121,2,232,1,16,31,8,1,16,51,19,60,71,11,1,0,6,24,6,36,65,26,81,30,113,24,2,8,10,11,0,124,4,0,110,21,0,80,51,2,374,25,0,0,59,24,0,179,106,18,0,86,2,0,44,272,0,9,8,22,3,27,18,122,7,5,0,173,140,12,32,52,0,54,57,99,172,95,790,0,184,22,25,8,34,34,1,41,8,5,54,792,0,0,33,0,20,161,10,17,256,16,51,25,1,0,48,71,31,2,41,1,0,48,0,3,30,275,15,0,2,426,1,0,2060,0,3,10,43,37,42,0,0,1,4,11,4,8,5,15,18,68,12,177,0,5,77,200,0,57,11,1,4,1,30,8
Prairie Shores,1,0,1,0,5,0,0,1,1,0,1,0,0,0,0,0,0,3,1,54,1,0,0,0,0,2,0,0,1,1,0,0,0,0,0,0,2,0,0,1,0,0,0,0,0,3,0,2,0,0,0,0,0,1,0,1,0,1,3,0,0,0,0,3,1,0,0,0,8,17,0,10,0,0,2,0,0,0,0,5,0,1,0,0,0,0,0,0,6,2,0,0,1,3,0,0,0,0,2,0,0,31,15,0,1,0,0,0,2,0,1,0,16,0,0,0,2,0,1,0,0,0,0,1,12,2,8,0,0,1,0,4,0,1,36,3,5,1,9,0,0,0,0,0,0,0,0,4,3,2,0,124,5,0,0,66,1,0,350,0,0,2,0,0,1,0,1,2,0,2,0,0,0,0,0,0,0,41,0,0,1,10,2,0,0,0,3,0,1,0
Princeton Park,0,0,1,0,10,10,0,1,11,1,1,0,0,1,0,1,0,8,3,45,1,0,0,1,0,0,0,0,2,6,1,1,2,0,0,0,3,0,0,1,0,0,0,2,0,1,1,10,3,0,3,0,3,3,0,1,0,1,3,0,5,7,0,1,7,1,1,0,5,22,1,22,2,0,1,0,0,0,0,3,1,1,4,0,0,2,0,3,2,2,2,0,0,12,1,1,7,1,7,3,0,12,10,1,1,0,1,0,0,0,1,3,32,3,3,0,0,0,0,0,1,2,0,2,7,0,1,1,0,0,0,4,0,0,34,2,0,1,15,3,0,0,0,3,1,0,0,6,3,0,0,61,8,0,7,31,0,0,251,0,1,0,0,0,2,0,6,0,0,6,0,0,0,0,1,1,0,23,2,1,0,10,3,0,0,0,7,1,1,0
Pulaski Park,8,0,8,7,8,0,0,11,6,0,0,1,0,0,0,2,1,3,2,35,8,6,7,0,0,1,0,0,2,1,0,2,0,0,4,0,3,0,1,0,0,0,3,5,3,30,7,0,0,0,0,0,0,2,0,1,2,2,1,5,0,1,1,0,0,0,6,0,4,3,0,9,2,0,10,0,0,0,0,0,0,13,23,2,0,4,0,2,5,7,1,2,5,2,0,0,1,3,3,0,0,22,14,1,2,4,0,0,20,0,6,5,30,0,4,0,0,5,0,0,0,1,2,4,14,3,0,0,36,0,5,22,3,5,18,1,43,2,0,0,8,15,0,2,5,0,0,8,1,0,0,26,0,0,1,37,1,0,268,0,1,1,1,0,19,0,0,1,1,0,0,0,0,2,0,0,1,24,0,0,29,20,0,12,2,0,0,0,3,3
Pullman,0,4,0,0,2,0,0,0,2,0,2,0,0,11,0,0,0,7,2,24,1,0,0,1,0,1,2,0,0,1,1,0,0,0,0,0,1,1,0,1,0,3,0,0,0,1,1,1,3,0,1,0,0,1,1,0,0,0,3,0,0,2,0,1,4,0,0,0,1,22,0,3,1,0,1,0,0,0,0,22,0,0,1,0,0,2,0,0,1,1,5,0,1,0,0,0,0,0,6,0,0,6,8,0,0,0,0,0,2,0,0,2,22,0,1,0,0,0,0,0,0,0,0,1,2,2,1,0,0,26,0,1,0,0,30,0,4,0,10,1,0,1,0,1,1,0,0,3,4,0,1,21,2,0,0,14,0,0,126,0,0,0,0,0,0,0,0,0,3,2,0,0,0,1,1,1,0,1,0,9,2,5,0,0,0,2,4,2,0,0
Ranch Triangle,0,0,0,0,5,0,0,2,4,0,1,0,0,0,0,0,0,7,3,10,2,0,0,0,1,0,0,0,0,0,1,0,0,2,1,0,0,0,0,4,0,0,2,3,0,7,2,0,0,0,2,0,0,0,0,1,0,5,19,2,0,0,0,0,0,3,0,0,2,23,0,4,2,0,2,0,0,0,0,0,0,8,7,0,0,33,0,0,2,2,0,0,0,0,0,0,0,2,0,0,1,60,14,1,3,0,0,0,2,0,2,16,64,0,6,0,6,3,0,0,0,3,0,0,4,0,0,0,2,0,48,1,0,0,51,3,0,1,0,0,4,0,0,0,6,0,0,11,0,0,1,53,3,0,0,115,0,0,780,0,0,0,0,1,0,0,0,0,0,1,0,3,1,1,1,10,0,71,0,0,1,28,0,2,0,0,0,0,2,6
Ravenswood,85,1,61,18,62,2,2,78,27,14,17,6,0,1,7,44,2,28,47,118,96,85,37,1,0,1,0,0,0,5,3,10,0,3,25,4,43,0,13,72,4,0,10,12,14,233,34,14,1,0,14,10,0,10,9,16,9,46,118,29,0,3,0,20,1,14,11,0,48,63,0,43,21,1,69,7,1,0,15,8,1,299,173,25,0,184,18,0,39,59,0,21,27,8,1,11,6,16,4,8,0,358,139,2,5,132,0,15,97,30,19,78,380,0,57,2,38,39,9,12,2,70,8,5,16,41,2,0,15,1,83,673,47,12,357,43,91,44,2,0,22,32,2,1,48,8,0,40,2,4,40,356,6,0,1,695,0,0,2909,0,3,0,3,37,71,0,0,1,0,12,1,11,2,10,6,26,6,315,0,0,90,141,1,30,1,0,5,0,52,26
Ravenswood Gardens,7,0,9,0,5,0,0,4,2,0,4,0,0,0,0,2,0,3,5,5,6,3,1,0,0,0,0,0,1,2,1,0,0,0,0,1,3,0,1,2,0,1,0,0,0,10,0,2,0,0,0,2,1,0,2,2,0,1,9,3,0,0,0,1,0,0,0,0,0,3,0,2,2,0,2,0,0,0,1,0,0,23,12,1,0,11,0,0,5,0,0,0,0,1,0,0,0,0,1,0,0,29,7,0,0,9,0,0,10,3,1,3,32,0,1,0,0,0,1,1,0,0,0,0,0,0,0,0,0,0,6,19,16,0,44,2,2,0,0,0,3,0,0,0,2,0,0,0,0,1,0,19,1,0,0,34,0,0,211,0,0,0,0,0,1,0,0,0,0,0,0,0,0,0,0,0,0,28,0,0,8,7,0,4,0,0,0,0,2,4
Ravenswood Manor,47,0,5,3,8,1,0,27,8,2,3,1,0,1,0,1,1,11,6,51,21,5,3,0,0,1,1,0,0,0,1,1,0,0,6,1,7,0,4,10,0,2,2,2,0,35,9,3,1,1,1,3,0,3,3,4,4,7,26,2,0,0,0,0,0,1,0,0,15,8,0,12,12,0,22,0,0,0,3,2,0,50,20,6,0,19,1,0,6,23,0,4,0,3,0,2,0,2,1,0,0,78,23,0,0,17,0,7,23,1,7,21,74,0,11,2,8,5,4,0,1,6,1,2,11,18,0,1,12,0,16,53,7,42,45,6,15,2,0,0,2,11,2,0,7,3,0,11,1,1,8,97,1,0,0,126,0,1,485,0,2,2,0,3,17,0,0,0,0,1,0,0,2,2,1,11,0,36,0,0,18,40,0,6,0,0,0,0,11,9
River North,8,0,1,0,28,0,1,2,12,2,0,0,0,0,0,0,0,6,2,11,11,0,4,0,0,0,0,0,0,0,0,0,0,0,2,1,0,1,3,15,0,0,0,1,3,9,5,0,0,0,0,0,0,0,0,6,0,6,28,1,0,1,0,0,1,0,0,0,9,20,0,25,2,0,2,0,0,0,0,0,0,22,13,8,0,23,0,0,13,6,0,0,2,1,0,0,7,1,1,0,0,154,37,0,0,1,0,2,0,1,0,13,54,3,2,0,5,0,0,1,2,5,0,0,9,0,0,0,1,0,12,6,0,2,215,2,2,2,0,0,0,0,0,0,8,0,0,18,1,0,0,47,0,0,0,249,3,0,964,0,0,0,0,3,2,0,1,3,0,1,0,0,0,0,11,4,0,116,0,0,0,40,0,11,0,0,6,0,0,0
River West,1,0,3,0,13,0,0,11,5,2,3,0,0,0,0,2,0,4,0,8,4,2,2,0,0,0,0,0,1,5,1,0,0,1,0,2,3,0,0,6,0,0,4,0,0,4,1,1,0,0,0,0,0,1,5,8,0,3,30,0,0,0,0,0,0,1,5,0,5,17,0,3,1,0,6,0,0,0,4,0,0,10,11,2,0,4,0,0,1,5,0,1,0,0,0,1,0,3,0,0,0,50,13,0,1,8,0,0,1,0,1,15,32,0,3,0,1,4,0,1,0,10,0,1,5,7,0,0,0,0,2,5,0,0,36,39,1,2,0,0,0,1,2,0,6,0,0,1,0,0,7,25,0,0,0,69,0,0,312,0,0,0,0,6,0,0,0,0,0,0,0,0,0,1,1,1,2,31,0,0,1,30,0,6,0,0,0,0,0,0
Rogers Park,83,0,121,22,108,5,0,57,36,13,26,5,0,5,5,37,0,40,46,162,120,18,25,1,0,5,0,0,3,11,3,13,0,5,15,8,79,1,18,74,0,2,23,28,104,260,64,15,0,0,15,7,2,11,10,26,10,41,136,85,5,3,4,13,3,13,27,0,66,132,0,92,26,0,53,2,0,2,10,12,3,248,148,28,0,137,5,1,46,92,1,41,33,12,1,10,9,19,11,4,0,402,111,10,10,30,0,20,73,21,37,46,380,0,60,9,36,39,15,6,5,79,12,6,56,53,1,2,35,1,51,168,10,10,357,41,875,20,11,0,23,32,1,4,50,20,0,120,4,5,40,480,20,0,2,741,1,1,3036,2,4,5,5,32,118,0,1,1,0,4,1,8,3,7,8,37,5,237,1,0,366,153,2,39,13,1,21,1,48,18
Roscoe Village,6,0,7,4,25,0,0,46,12,1,12,4,0,0,2,5,1,9,11,52,39,6,13,0,0,1,0,0,1,0,2,0,0,0,9,4,8,0,4,43,0,0,5,13,4,32,13,4,1,1,0,0,0,2,2,2,0,4,62,9,0,0,0,0,1,7,0,1,29,19,0,16,9,0,16,0,0,0,5,1,2,129,42,17,0,58,0,0,9,24,0,7,0,2,0,2,3,8,2,0,0,158,34,4,0,28,0,1,8,12,10,38,118,0,16,1,8,12,1,2,0,22,2,0,6,19,0,1,2,1,27,91,0,5,164,9,22,78,2,0,5,5,2,1,33,0,1,24,1,1,3,146,1,0,0,292,1,0,1220,0,1,0,2,3,2,0,0,0,0,0,1,3,0,4,5,16,2,143,0,0,23,57,0,9,0,0,2,0,23,20
Roseland,3,7,7,1,67,22,6,6,75,7,2,0,0,14,1,2,11,33,33,224,9,1,2,33,0,20,1,0,31,19,18,10,4,1,5,14,15,17,14,19,0,4,2,4,1,7,14,34,42,0,21,3,11,8,6,16,1,15,24,7,37,29,2,3,11,3,1,1,13,64,0,56,2,0,12,0,0,0,10,60,2,13,16,5,0,21,0,6,26,9,6,0,0,23,5,4,10,7,62,2,1,83,64,0,2,1,0,1,3,0,2,12,152,0,10,0,3,1,2,0,19,5,2,9,29,6,0,5,0,10,3,19,0,1,185,7,13,0,113,16,4,1,0,3,4,0,2,31,34,17,1,234,38,0,23,158,4,0,1215,2,4,0,0,35,3,0,7,5,12,26,17,0,2,10,2,6,10,112,1,29,6,61,2,8,0,1,15,4,1,0
Rosemoor,4,0,2,0,32,14,5,5,41,1,1,1,0,8,1,1,3,16,10,186,2,1,2,29,0,20,0,0,20,10,10,2,2,3,4,9,13,6,7,9,0,8,0,2,1,10,10,36,9,0,17,2,11,9,4,11,1,5,17,1,10,18,1,0,15,2,1,0,5,54,0,42,1,0,2,0,3,0,0,36,1,12,10,3,0,12,0,1,13,5,7,0,1,23,3,1,2,2,18,1,2,54,51,0,3,1,0,1,4,1,3,6,124,3,5,0,2,0,0,1,12,3,1,3,16,3,0,2,0,2,2,8,0,0,129,5,8,5,77,30,1,0,0,2,2,0,0,12,24,6,1,160,27,0,9,102,1,0,908,3,0,0,1,14,4,1,9,8,6,11,6,1,2,5,2,6,1,88,1,15,9,34,7,3,0,0,15,9,0,0
Sauganash,37,0,7,5,15,0,0,6,5,8,2,0,0,1,1,2,0,3,6,40,22,14,3,0,0,0,0,0,1,2,2,0,0,0,4,0,7,0,2,12,2,1,0,31,10,31,11,3,0,0,3,2,1,1,3,3,5,2,8,5,0,0,0,1,0,5,3,0,4,5,0,13,5,0,23,0,0,0,1,1,0,21,15,1,0,8,1,0,9,12,0,0,2,2,0,8,1,1,0,0,0,30,18,0,3,7,0,0,29,13,15,8,88,0,4,1,2,2,0,0,0,1,1,0,9,21,0,0,17,0,5,44,0,8,52,3,12,3,0,0,114,23,0,1,4,0,1,5,0,0,3,53,5,0,0,126,0,0,486,0,0,0,2,5,9,0,0,0,0,1,0,2,1,0,0,2,2,34,0,0,23,19,0,2,0,0,0,0,1,6
Sauganash Woods,8,0,0,0,7,0,0,4,0,0,1,0,0,0,0,0,0,3,3,7,3,1,2,0,0,0,0,0,0,0,0,0,0,0,0,0,1,0,1,1,0,0,0,3,2,12,0,0,0,0,0,0,0,0,0,0,3,1,7,4,0,0,0,1,0,0,1,0,4,2,0,2,0,0,13,0,0,0,0,0,0,1,5,0,0,2,0,1,2,1,0,0,0,0,0,2,0,1,1,0,0,7,4,0,0,1,0,3,10,3,6,1,4,0,1,0,2,0,0,1,0,5,0,0,0,5,0,0,0,0,6,4,0,0,12,0,4,5,1,0,8,13,0,0,1,0,0,3,0,0,1,7,0,0,0,21,0,0,109,0,0,0,0,1,7,0,0,0,0,0,0,1,0,0,0,2,0,17,0,0,5,14,0,2,0,0,0,0,2,0
Schorsch Village,24,0,1,4,22,1,0,20,1,15,10,12,0,1,4,5,0,2,3,144,14,2,2,0,0,0,0,0,0,0,1,3,0,1,30,5,60,2,1,1,0,0,1,0,4,10,15,2,0,0,5,3,1,3,9,2,10,8,20,2,1,0,1,3,0,6,3,0,25,3,0,5,4,0,47,3,0,1,11,5,0,21,17,5,0,17,0,0,13,56,0,1,0,1,0,2,3,40,1,0,0,33,13,0,8,0,0,4,5,11,34,17,104,0,8,0,0,2,1,1,0,0,1,1,13,56,0,0,3,0,3,17,7,0,27,13,10,7,0,0,7,3,76,0,11,1,0,12,0,1,0,50,1,0,0,44,0,0,309,0,1,0,11,1,4,0,0,0,0,2,0,6,0,1,5,16,1,34,0,0,10,38,0,8,0,1,0,0,4,2
Scottsdale,3,5,0,3,108,23,2,5,120,2,4,2,0,4,0,2,5,58,84,442,14,1,3,0,0,3,2,3,2,12,17,11,2,17,6,13,21,2,5,4,0,5,6,0,1,5,6,10,0,0,60,2,9,38,4,75,0,3,28,5,5,13,0,13,2,7,0,0,8,30,1,43,3,0,14,0,2,0,1,34,3,14,10,6,0,7,0,4,77,9,0,0,0,50,13,0,20,8,13,25,4,40,63,1,8,1,0,2,7,0,2,11,112,0,14,0,0,3,3,0,38,4,0,4,70,3,0,0,6,1,4,6,0,2,117,6,9,2,7,0,0,1,0,97,4,1,3,20,12,4,4,141,17,0,0,95,0,0,1139,1,3,0,0,15,3,2,0,1,3,10,0,2,18,10,4,4,31,67,4,1,5,53,0,5,0,0,11,4,4,0
Sheffield Neighbors,8,0,2,1,19,0,1,8,7,0,8,1,0,0,0,3,1,13,1,21,26,1,1,0,0,0,0,0,0,0,2,0,0,0,0,2,2,0,0,9,0,0,4,1,0,21,19,1,0,0,3,0,0,0,0,6,0,8,42,5,1,1,0,0,0,3,2,0,7,63,0,15,1,0,3,0,0,0,0,4,0,72,28,3,0,60,0,0,6,10,0,0,0,3,0,1,8,2,0,1,0,120,35,1,0,9,0,0,3,5,5,19,42,0,12,2,6,16,1,1,1,36,1,1,2,0,0,0,3,0,20,38,0,0,93,24,8,9,1,1,4,0,1,0,120,0,0,6,0,0,2,99,2,0,1,200,0,0,1328,0,2,3,1,16,0,0,0,0,0,0,0,10,0,0,5,6,2,124,0,0,3,32,1,2,0,0,1,0,21,9
Sheridan Park,13,0,5,1,10,0,0,13,6,3,0,0,0,1,0,1,0,11,8,20,19,1,19,0,0,0,0,0,0,2,1,3,0,0,1,0,5,0,1,8,0,0,8,3,3,32,10,4,0,0,2,1,0,1,0,4,2,18,24,23,2,0,0,1,1,1,5,0,11,17,0,6,7,0,6,1,0,1,1,3,0,61,33,5,0,22,1,0,5,14,1,3,3,0,0,2,0,4,5,2,0,115,25,4,1,6,0,3,6,2,3,7,86,0,7,0,9,8,1,1,2,6,1,0,5,8,0,0,2,0,6,52,0,0,61,9,33,6,2,0,0,0,0,0,13,43,0,9,1,1,4,75,3,0,0,157,0,0,611,0,0,0,0,7,45,0,0,1,0,0,0,2,0,0,3,5,0,71,0,0,6,30,2,13,2,0,1,0,6,20
Sleepy Hollow,0,0,0,0,16,0,1,1,3,0,1,0,0,0,0,1,0,2,11,2,2,0,0,4,0,0,0,0,1,2,4,0,0,1,0,0,0,0,2,1,0,0,0,0,0,1,0,0,0,0,4,0,0,6,0,9,0,1,1,0,0,0,0,1,0,1,0,0,0,4,0,5,0,0,1,0,0,0,0,1,0,2,0,0,0,0,0,0,5,1,0,0,0,0,1,0,8,0,2,0,0,4,5,0,0,0,0,1,1,3,0,0,4,0,1,0,0,0,0,1,0,0,0,0,0,0,1,0,0,0,0,0,0,0,3,0,0,0,0,0,0,0,0,2,1,0,11,3,1,0,0,2,0,0,2,8,0,0,58,0,3,0,0,0,0,0,0,1,0,2,0,1,3,0,1,1,2,5,0,0,0,3,0,0,0,0,0,0,0,1
South Austin,54,0,10,4,392,15,6,61,84,51,38,8,0,7,1,16,6,70,71,273,68,9,8,6,0,3,1,1,8,20,10,13,9,2,25,28,122,3,36,167,1,2,10,16,12,56,91,44,0,2,33,9,12,21,86,45,2,35,117,24,16,13,4,23,4,31,7,5,99,47,0,171,28,2,88,5,1,0,20,18,1,103,80,23,3,46,3,1,121,114,1,5,5,31,1,4,23,72,30,14,0,230,230,11,66,21,0,9,22,25,43,85,678,0,95,5,17,16,20,4,5,33,1,9,103,58,15,6,25,2,41,114,22,4,388,32,42,20,5,2,9,25,3,6,31,3,15,617,1,21,9,451,41,0,38,323,0,0,2582,5,27,6,13,42,20,1,1,8,2,14,5,7,6,13,146,157,7,297,0,3,39,334,7,33,1,2,10,3,11,2
South Chicago,12,5,2,1,59,20,24,7,101,3,3,0,0,10,1,5,17,50,28,251,8,2,2,23,1,75,13,0,38,21,12,4,4,7,3,10,13,20,36,22,0,33,0,3,2,11,11,69,9,0,31,3,24,11,7,18,0,7,25,8,83,62,0,15,39,0,0,0,14,198,0,87,6,0,18,1,0,1,4,132,4,20,22,4,0,20,0,1,25,18,7,1,2,26,4,1,12,1,30,5,0,126,69,0,6,4,5,3,4,0,4,20,166,1,4,0,6,7,0,0,39,10,0,39,47,2,1,9,8,12,4,24,3,1,217,11,13,16,44,2,0,0,0,5,3,0,3,28,270,23,4,383,137,0,62,260,20,1,1696,4,4,2,0,34,7,0,2,8,4,21,11,5,6,11,9,8,2,157,1,12,3,40,8,1,1,5,55,12,0,0
South Commons,0,0,1,0,10,0,0,0,11,0,1,0,0,0,0,1,0,8,1,63,1,0,1,1,0,3,0,0,0,0,2,4,0,0,1,0,4,0,1,3,0,0,1,0,0,1,1,4,0,1,2,0,1,0,1,0,0,4,3,4,4,2,0,0,1,0,0,0,1,12,0,15,0,0,1,0,0,0,0,2,0,2,1,1,0,1,0,0,8,2,0,0,1,0,0,0,1,0,3,0,0,37,17,5,0,0,0,0,1,0,1,5,18,0,3,0,0,0,0,0,3,0,0,3,10,1,0,0,1,0,1,3,1,0,19,0,2,0,4,1,1,1,0,0,2,0,0,2,1,10,0,47,9,0,2,39,0,1,325,0,1,0,0,0,3,0,0,0,1,1,0,0,0,1,2,1,1,17,0,7,1,3,0,2,0,1,6,0,0,0
South East Ravenswood,12,0,2,3,0,0,0,11,2,0,1,0,0,0,2,0,0,4,0,6,3,2,1,0,0,0,0,1,0,0,0,0,0,0,2,0,1,0,0,0,0,0,0,0,5,9,2,0,0,0,1,0,0,0,6,2,0,4,9,5,0,0,0,2,0,0,2,0,1,15,0,11,6,0,7,0,0,0,0,2,0,20,23,6,0,12,0,0,1,1,0,0,0,0,0,0,2,0,0,0,0,43,14,0,3,14,0,1,3,0,0,11,28,0,5,0,4,1,0,0,0,8,0,0,4,2,0,0,0,0,5,22,1,1,34,2,2,1,0,0,0,0,0,0,1,0,0,7,0,0,23,27,1,0,0,79,0,0,299,0,0,0,4,0,3,0,0,0,0,0,0,2,0,0,0,6,0,28,0,0,11,15,0,1,0,0,0,0,2,11
South Loop,16,1,5,1,70,2,3,9,36,7,12,2,0,0,0,9,5,49,21,163,38,0,12,2,6,5,0,0,1,4,4,23,0,5,16,13,7,1,4,30,0,2,16,3,2,31,14,18,0,2,9,10,11,5,16,60,0,20,68,14,2,4,0,8,4,16,2,3,31,184,2,71,3,2,18,0,1,3,6,5,5,64,26,3,0,33,0,1,37,36,0,0,1,3,0,1,10,5,10,1,0,237,81,4,14,6,2,0,7,3,4,32,190,0,14,0,15,10,7,7,7,13,0,9,44,12,3,1,4,0,8,40,3,1,235,19,6,7,6,1,2,2,0,3,21,3,0,50,8,16,8,643,13,0,5,477,3,1,2811,0,1,1,0,19,12,1,1,1,0,8,2,0,2,12,8,7,3,256,0,0,8,131,3,14,1,0,60,3,4,2
South Shore,16,1,11,3,109,8,23,25,116,7,19,1,0,10,1,5,11,53,43,403,28,7,8,30,3,42,0,0,74,23,39,6,3,15,2,16,35,6,29,41,0,4,5,2,6,25,36,92,12,0,38,12,20,16,11,63,2,48,48,13,66,59,0,14,19,2,2,0,19,407,4,163,11,0,12,0,2,8,4,77,9,38,40,11,1,28,0,5,86,17,14,1,10,34,2,0,20,10,30,10,1,233,129,2,9,3,9,0,15,1,7,42,372,4,15,2,12,8,2,2,14,19,0,17,44,11,3,6,6,8,15,49,8,1,414,15,45,12,45,2,6,7,0,11,6,3,3,80,65,52,9,654,359,0,79,501,11,2,3165,11,5,1,1,37,8,0,10,16,13,42,16,5,13,30,9,9,24,296,2,14,22,124,10,30,1,1,73,12,2,3
Stateway Gardens,0,0,0,0,2,4,0,1,20,0,0,0,0,0,0,0,1,3,0,17,1,2,0,0,0,4,0,0,0,2,0,0,0,0,0,0,2,0,0,2,0,0,0,0,1,2,0,0,0,0,0,0,3,0,0,3,0,0,7,0,0,3,0,0,0,0,0,0,0,6,0,4,0,0,1,1,0,0,0,1,0,3,1,0,0,1,0,0,1,1,0,0,0,0,0,0,0,0,5,0,0,7,0,0,0,0,2,0,3,0,0,1,10,0,1,0,0,0,0,0,0,1,0,0,2,0,0,0,1,0,0,3,0,0,6,5,5,0,0,0,0,0,0,0,1,0,0,2,0,3,1,16,0,3,4,1,0,0,36,0,0,0,0,1,0,0,0,2,0,0,0,0,0,0,0,1,0,2,0,0,0,3,8,2,0,0,4,0,1,0
Stony Island Park,2,1,1,0,3,6,10,2,9,1,0,0,0,0,0,0,3,3,7,63,2,0,1,3,0,4,5,0,9,5,1,0,0,0,0,0,3,0,6,7,0,2,0,0,0,3,5,7,1,0,5,1,6,1,2,6,0,1,4,1,6,0,0,0,1,0,0,0,2,36,0,20,0,0,0,0,0,1,0,12,0,2,4,3,0,2,0,0,9,0,2,0,1,10,0,0,5,1,1,1,0,23,22,0,1,1,0,0,1,0,0,3,30,0,2,0,0,1,1,1,0,1,0,6,6,2,0,0,1,0,0,4,0,0,36,3,4,0,9,2,0,0,0,2,2,0,1,6,12,4,1,56,21,0,20,40,0,0,347,2,0,1,0,3,0,0,0,0,0,2,0,0,1,0,2,1,4,44,0,1,1,11,3,2,0,0,9,0,0,0
Streeterville,5,0,4,0,32,1,1,5,8,2,3,4,0,2,0,2,0,26,4,42,33,1,2,1,0,0,0,0,1,5,1,10,1,2,3,5,5,1,7,20,1,0,5,2,0,21,8,4,1,0,5,3,0,2,5,5,0,14,27,1,1,1,0,5,0,2,2,0,15,106,0,50,1,0,2,0,0,1,1,5,0,35,36,5,0,32,0,0,29,15,0,0,0,0,0,0,2,0,4,4,0,315,77,0,3,5,0,5,8,2,3,23,104,0,10,0,10,5,0,2,5,13,1,1,5,9,0,2,1,0,8,31,1,0,166,10,6,2,1,0,1,0,0,1,9,0,4,21,6,0,4,163,4,0,6,1266,0,0,1898,0,0,0,0,12,2,0,0,0,2,5,0,1,1,3,3,3,3,185,1,2,9,62,0,8,1,0,0,0,2,2
The Bush,3,6,4,0,17,9,3,4,15,1,1,1,0,1,0,0,12,10,5,57,5,0,0,8,0,18,4,0,5,6,4,0,3,1,1,2,3,5,5,9,0,8,2,1,0,2,5,10,6,0,6,0,10,2,1,6,0,1,5,3,17,2,0,4,9,0,0,0,2,30,0,23,1,0,2,0,1,1,2,34,0,6,10,2,0,6,0,0,5,8,0,0,3,8,1,0,4,3,6,2,0,33,16,0,1,1,2,0,0,0,0,3,40,0,2,0,3,1,0,1,4,1,0,9,14,2,0,0,1,0,1,1,0,0,64,1,3,1,8,4,0,1,0,0,0,0,0,13,70,8,0,90,32,0,14,67,24,0,393,0,0,0,0,8,0,0,1,3,2,3,3,0,0,8,5,2,1,36,2,11,0,19,4,0,0,0,1,3,1,0
The Gap,1,0,0,0,1,0,0,0,3,0,1,0,0,1,0,0,0,14,5,24,1,0,0,0,0,0,0,0,1,1,0,0,2,5,0,0,0,0,1,2,0,0,0,0,0,1,0,1,0,0,0,1,0,17,0,1,0,0,3,2,0,0,0,4,0,0,0,0,0,6,0,4,0,0,2,0,0,0,0,2,0,2,0,0,0,2,0,0,3,0,0,0,1,1,0,0,1,2,0,0,0,9,6,0,0,0,0,0,1,0,0,2,8,0,0,0,0,0,0,0,0,0,0,0,6,0,0,0,0,0,0,2,0,0,13,2,2,0,3,0,0,0,0,0,0,0,0,1,1,3,1,14,1,0,0,7,0,1,150,0,1,0,0,4,0,0,0,1,2,1,0,0,0,2,1,0,2,21,0,0,0,4,0,0,0,0,4,1,0,0
The Loop,1,0,2,0,40,0,0,0,6,0,3,0,0,0,1,1,0,15,6,38,18,0,4,1,0,5,0,0,2,7,2,6,0,0,0,10,4,1,1,12,0,1,5,2,1,20,13,1,1,3,4,0,0,13,1,8,0,2,33,5,0,0,0,4,0,1,0,0,10,47,0,20,0,4,4,0,1,2,1,2,1,27,9,6,2,19,0,1,33,4,1,0,0,7,0,0,3,3,1,1,0,80,38,0,0,1,0,0,4,8,5,16,60,0,1,0,3,2,3,0,0,3,0,0,10,5,0,0,2,0,8,27,0,2,99,15,4,0,1,0,0,1,2,1,12,0,2,8,4,3,0,154,2,0,1,205,0,0,1876,0,0,0,1,34,0,0,0,0,0,3,0,4,3,1,2,3,6,98,0,0,6,38,0,11,1,0,0,0,3,4
The Robert Taylor Homes,0,0,0,0,4,1,0,2,16,0,1,1,0,0,0,0,2,15,16,18,1,1,0,0,0,0,0,0,1,0,0,0,0,2,0,0,4,2,8,12,0,0,7,0,0,1,3,9,0,0,2,1,4,2,0,9,0,0,5,3,5,4,0,0,0,0,0,0,0,2,0,2,0,0,0,0,0,0,2,4,0,5,4,0,0,6,0,0,0,4,0,0,1,3,1,0,0,2,4,1,0,20,12,0,2,2,1,0,4,0,1,6,32,0,3,0,0,1,0,0,0,2,0,2,1,2,0,0,0,0,0,2,0,0,24,0,2,0,4,1,0,0,0,6,1,0,0,17,0,3,3,23,13,0,4,12,0,0,90,3,0,0,0,1,1,1,0,0,1,1,1,0,0,4,1,5,1,29,0,0,0,16,6,1,0,0,4,2,2,0
Tri-Taylor,4,0,1,0,16,0,0,7,23,0,3,0,0,0,0,0,0,5,1,25,5,2,0,1,0,1,0,0,0,0,0,0,0,0,0,4,0,0,0,3,0,1,0,0,1,6,1,0,0,1,3,1,0,2,1,6,0,1,16,0,1,0,1,8,0,0,0,0,9,10,0,42,0,4,3,0,0,0,0,0,0,9,0,3,0,2,0,0,15,9,0,0,0,0,0,1,7,0,0,1,0,16,48,1,0,0,0,3,0,1,2,0,26,0,2,0,0,1,1,1,3,0,0,0,8,1,0,1,1,0,2,5,0,1,36,3,2,0,0,0,0,0,0,0,1,0,0,8,0,0,1,58,1,0,0,48,0,0,226,0,41,0,0,10,1,0,0,0,0,1,1,0,0,0,3,1,4,15,0,0,4,35,0,7,0,0,0,0,3,0
Ukrainian Village,4,0,5,0,26,0,0,11,8,4,0,0,0,1,0,0,0,13,4,14,59,2,4,0,0,1,1,0,0,1,1,0,0,1,1,1,6,0,2,13,0,1,34,3,0,17,3,1,1,1,1,0,0,2,1,7,6,8,49,7,1,3,0,18,0,5,2,0,53,28,0,20,2,0,6,3,0,0,5,2,0,49,14,7,0,33,0,0,14,12,0,4,0,0,0,0,0,15,2,0,0,83,41,5,0,23,0,3,8,5,1,15,48,0,12,0,10,1,0,13,0,15,1,2,22,5,0,0,0,0,23,20,0,0,116,18,9,8,0,1,3,1,0,0,9,0,0,7,2,0,3,75,1,0,0,207,0,0,517,0,0,78,3,1,0,0,0,0,0,1,0,2,0,1,1,11,1,67,0,0,13,134,0,57,0,0,1,0,11,5
Union Ridge,10,0,5,1,15,0,0,30,3,5,3,6,0,0,8,3,1,1,2,92,14,0,1,0,0,0,0,0,0,0,1,0,0,0,6,3,24,1,1,0,3,0,0,10,0,0,18,1,0,0,2,8,3,3,2,1,2,2,9,0,0,0,6,1,0,6,0,0,6,1,0,13,3,0,27,1,0,0,2,2,0,5,4,2,0,9,0,0,7,7,0,0,0,1,0,2,3,8,1,1,0,16,13,1,4,9,0,5,7,13,70,19,116,0,16,9,3,0,14,1,0,1,1,0,2,20,0,0,1,0,2,12,1,2,30,0,6,4,0,0,10,4,1,0,2,0,0,2,0,0,1,37,1,0,1,39,0,0,310,0,0,0,19,4,2,0,0,0,0,0,1,1,2,0,2,4,0,27,0,0,6,31,0,2,1,0,1,0,0,0
University Village - Little Italy,7,0,4,1,45,0,0,15,15,2,8,3,2,1,0,0,0,20,8,97,26,1,1,0,0,1,1,0,0,0,3,4,0,8,0,8,16,1,3,14,1,0,5,1,1,9,2,2,0,0,13,1,3,2,1,6,5,11,35,13,1,0,0,2,0,4,0,1,12,40,0,100,8,0,10,0,0,0,2,5,1,36,19,11,0,13,0,0,17,13,0,0,6,0,0,1,8,3,3,1,0,62,202,0,1,14,0,2,0,0,7,14,28,0,2,0,13,1,10,9,3,6,0,1,24,3,0,0,2,0,5,13,2,0,77,7,6,3,2,0,1,0,5,1,9,2,0,23,1,13,1,291,2,0,2,98,0,0,680,0,0,2,0,109,4,1,0,0,0,0,0,0,3,6,3,22,4,80,0,1,4,51,2,15,0,0,10,0,1,4
Uptown,30,0,104,0,28,0,1,40,10,2,6,0,0,3,0,11,1,14,16,59,38,18,36,0,0,2,0,0,1,6,3,8,0,2,2,4,22,0,0,18,1,0,2,8,10,105,18,3,1,0,7,5,0,2,1,15,0,17,52,83,0,1,0,1,0,11,8,0,38,60,0,33,5,0,28,1,0,1,4,3,0,126,113,13,0,56,2,1,20,21,0,14,52,4,0,7,3,8,5,3,0,177,62,0,1,30,0,14,33,4,6,32,166,0,19,5,23,18,5,9,2,23,10,3,24,24,0,1,22,2,21,175,2,3,192,7,74,11,5,1,10,12,0,1,25,27,0,24,3,3,5,183,2,0,0,343,0,0,1182,0,1,2,0,13,343,1,0,0,0,2,1,19,0,3,1,7,2,120,1,1,60,96,0,20,0,1,5,1,23,9
Vittum Park,1,0,0,0,43,3,1,2,17,1,1,0,0,0,1,0,1,14,14,24,4,0,1,0,0,0,0,0,0,0,5,4,1,12,1,2,1,0,0,3,0,0,3,1,2,1,0,2,0,0,4,0,1,17,1,47,0,0,5,0,0,0,0,17,0,2,0,0,2,6,0,4,0,0,5,1,0,0,0,0,0,3,5,3,1,2,0,0,21,7,0,0,0,5,0,0,12,0,1,0,0,7,11,0,1,0,0,1,2,0,0,3,16,0,2,0,0,0,0,0,3,1,0,0,3,3,0,0,1,1,2,2,0,1,16,3,1,0,0,0,1,0,0,1,0,0,9,5,2,0,0,27,2,0,0,17,0,0,156,0,1,0,2,4,0,17,0,0,0,1,1,1,7,0,11,1,9,25,0,1,3,11,0,0,0,0,0,0,1,0
Washington Heights,4,4,1,0,19,2,0,2,18,1,2,0,0,5,1,2,7,16,2,72,3,2,1,10,0,3,1,0,8,4,1,1,13,0,2,2,4,14,3,6,0,0,1,1,1,1,4,8,10,2,2,3,8,6,1,3,0,2,7,5,0,6,0,6,0,0,1,0,2,35,0,27,1,0,2,0,1,1,2,15,1,4,3,3,1,7,0,0,15,7,9,1,1,9,4,0,8,1,22,1,0,18,23,1,0,0,0,1,2,1,2,8,62,0,4,0,0,0,1,0,4,0,0,7,9,8,1,0,1,0,1,6,0,0,43,0,1,4,31,2,0,0,0,6,2,1,3,9,7,6,1,86,13,0,7,71,0,1,529,3,1,0,1,1,5,0,23,0,5,14,7,0,1,1,0,2,6,49,1,7,2,20,0,4,0,1,6,2,0,0
Washington Park,1,0,1,0,50,6,0,2,41,1,2,1,0,6,0,2,1,19,13,115,7,1,1,11,0,12,0,0,7,8,13,3,0,2,0,1,12,6,10,21,0,8,0,0,1,14,9,35,0,0,11,1,11,8,3,17,0,4,6,7,19,18,0,2,5,0,2,2,8,70,1,47,0,0,3,1,0,6,2,11,3,22,13,1,0,11,1,1,12,9,6,0,6,6,2,1,5,1,4,2,0,48,44,0,0,5,3,0,10,0,2,14,82,1,2,0,8,2,1,0,10,8,0,6,14,7,4,3,8,4,4,11,0,0,81,1,11,2,10,2,2,2,0,0,2,0,4,26,9,18,2,200,16,0,15,94,3,0,611,8,2,2,0,23,1,0,0,46,2,22,7,0,2,18,7,3,4,52,0,3,6,37,10,5,0,0,36,3,2,0
West Beverly,0,0,0,0,18,3,0,3,11,0,0,0,0,23,0,0,1,13,6,233,2,0,0,0,0,0,0,0,0,13,4,0,0,0,1,1,9,7,0,4,0,2,0,0,0,1,3,3,0,0,4,2,1,4,3,8,0,0,6,1,0,1,0,3,0,2,1,0,1,20,0,4,0,0,0,0,4,0,1,3,0,2,3,0,0,2,0,0,10,2,0,0,0,3,2,0,5,3,30,34,3,13,7,1,1,0,0,0,1,0,0,7,42,0,1,0,1,1,0,0,10,2,0,0,8,1,0,0,0,0,1,1,0,0,23,0,2,1,2,5,0,1,0,1,1,0,0,7,3,1,0,66,2,0,0,31,0,0,487,0,0,0,0,4,1,0,0,0,75,0,3,2,3,0,0,2,7,17,16,6,2,16,0,2,0,0,6,3,1,0
West Chatham,2,1,2,1,24,3,10,4,26,0,5,0,0,5,0,0,0,18,5,69,10,0,0,5,0,3,1,2,11,3,10,1,0,0,0,8,9,2,2,10,0,0,3,1,2,5,5,23,1,0,4,2,6,4,2,10,0,4,10,0,4,12,0,0,6,0,0,0,2,34,0,33,0,0,2,0,0,1,0,11,0,6,6,4,0,8,0,0,8,8,0,0,0,6,4,0,7,1,7,2,0,23,16,1,0,2,0,0,1,0,0,6,46,0,7,0,0,1,0,0,5,4,1,2,22,3,0,1,1,0,1,4,0,0,91,1,8,2,14,3,0,0,0,1,0,0,0,13,13,11,2,92,15,0,5,72,0,0,489,1,0,1,0,23,3,0,0,4,2,16,1,1,1,1,2,3,1,36,0,0,1,12,1,4,0,0,10,8,0,0
West Chesterfield,1,2,0,0,12,2,3,1,10,2,1,0,0,4,0,2,3,12,3,70,3,0,0,2,0,6,0,0,9,3,2,1,0,0,3,1,5,0,1,7,0,0,0,2,0,3,0,8,9,0,12,1,6,0,2,8,0,2,5,2,9,4,0,1,4,3,0,0,2,39,0,23,2,0,3,0,0,1,2,10,0,0,5,0,0,5,0,2,2,3,2,1,2,2,0,0,11,0,12,4,0,14,7,0,0,1,0,0,0,0,2,1,34,0,2,0,2,0,0,1,5,1,0,1,7,1,0,2,2,1,0,4,1,0,53,2,2,1,21,1,0,0,0,4,0,0,0,8,5,12,0,57,13,0,2,24,0,0,444,0,0,0,0,6,2,0,0,1,0,4,2,0,2,0,3,1,0,35,0,4,3,6,0,1,0,0,4,3,0,0
West De Paul,0,0,0,0,5,0,1,2,2,0,2,0,0,0,0,0,0,7,6,6,15,2,0,0,0,0,0,0,0,0,0,0,0,0,0,0,3,0,0,2,0,0,0,1,0,4,4,0,0,0,1,0,0,0,2,5,0,1,17,2,0,0,0,1,0,3,1,0,1,15,0,3,0,0,10,0,0,0,0,1,0,23,18,13,0,19,0,0,1,0,0,3,0,1,0,0,0,0,1,0,0,27,11,0,0,0,0,0,0,0,3,14,14,0,1,0,5,6,0,0,0,4,0,0,0,0,0,0,0,0,9,7,1,0,34,10,3,4,0,0,4,2,0,0,19,0,0,2,1,0,0,24,0,0,0,77,0,0,378,0,0,0,0,1,0,0,0,0,0,1,0,16,0,0,0,4,0,43,0,0,4,25,0,0,1,0,2,0,16,2
West Elsdon,5,0,1,2,274,9,4,9,206,10,8,0,0,0,0,1,7,115,87,148,26,1,0,1,0,0,2,0,1,12,14,7,15,34,11,20,16,1,3,44,0,2,7,4,0,5,8,15,0,1,57,1,4,81,7,134,2,2,26,3,5,8,2,17,1,15,1,0,27,20,0,34,0,0,22,0,2,4,10,11,2,14,11,7,1,18,3,0,137,25,0,1,0,25,0,2,33,5,12,4,1,55,63,1,0,6,0,4,2,3,0,17,132,1,6,0,5,2,5,2,22,3,0,0,57,9,1,1,3,2,3,16,0,1,97,6,7,0,0,0,2,4,1,7,2,0,6,6,2,5,2,126,3,0,3,101,0,0,831,0,9,6,0,34,3,2,0,0,0,3,0,1,123,4,10,6,61,68,0,4,5,114,0,11,1,0,4,0,1,1
West Englewood,8,0,4,3,117,11,5,16,146,10,10,0,0,14,1,6,4,98,36,198,20,2,3,10,2,9,6,0,20,47,33,12,10,6,5,10,26,3,17,45,0,4,4,0,2,24,16,80,9,3,40,11,9,38,10,104,4,22,38,7,32,46,1,18,4,5,2,0,14,119,0,96,4,1,21,3,3,3,5,40,5,22,21,8,2,26,0,3,77,22,6,1,4,75,1,2,31,12,42,6,3,91,75,3,7,12,9,1,4,1,3,20,238,0,7,1,14,0,1,2,32,7,1,5,54,15,12,4,3,2,11,30,1,3,259,16,24,13,35,4,4,3,0,4,7,4,2,53,22,26,5,299,60,0,25,189,1,1,1412,4,4,0,0,18,4,3,8,19,4,30,13,1,6,76,6,13,7,161,2,13,10,86,1,14,1,2,28,34,4,0
West Garfield Park,25,2,6,1,147,5,2,15,16,20,11,6,1,3,0,2,1,14,26,78,14,0,3,0,0,2,0,0,1,7,4,0,4,3,9,11,35,1,13,107,0,0,1,6,2,12,37,17,0,6,17,7,3,11,28,22,0,8,37,4,5,6,2,8,2,7,1,1,27,17,0,71,3,0,17,1,0,0,8,5,3,34,21,3,5,13,0,0,51,43,0,0,2,8,1,1,13,18,8,6,0,64,79,4,12,3,0,3,2,4,5,26,156,0,46,1,2,5,8,8,3,9,1,5,50,20,4,1,9,1,4,26,5,0,128,11,21,5,3,1,2,3,0,2,4,0,4,176,0,7,3,151,10,0,9,56,0,1,770,2,7,1,0,23,7,0,0,2,1,2,1,2,5,5,96,65,0,84,1,0,17,77,1,10,0,0,1,2,0,1
West Humboldt Park,9,0,7,2,87,3,0,48,39,24,13,0,0,0,0,2,2,33,17,61,38,4,0,0,0,4,0,0,1,0,3,3,4,1,34,24,37,0,9,47,0,2,13,6,5,13,28,13,0,0,13,14,3,1,33,5,5,10,43,3,2,3,2,17,1,63,5,0,86,16,0,45,8,0,43,11,0,0,14,7,0,37,19,11,0,18,1,0,38,74,0,1,7,4,1,6,6,24,9,1,1,56,41,1,20,6,0,9,12,21,19,17,180,0,37,5,14,1,3,2,2,10,0,5,23,26,6,1,6,1,7,41,2,0,117,3,9,4,3,0,4,15,1,1,20,1,1,87,0,0,10,115,11,0,8,93,0,2,606,0,15,0,0,22,6,0,0,1,3,2,2,3,0,5,29,139,3,44,0,0,14,131,1,26,1,0,2,1,2,3
West Lawn,8,0,3,1,381,22,5,24,310,7,6,1,0,1,0,7,6,185,153,350,40,1,2,0,0,6,0,0,4,26,32,8,16,55,14,28,20,3,6,42,7,1,3,2,3,5,15,45,4,0,93,3,3,131,13,193,6,7,53,6,3,11,5,66,1,17,3,0,18,25,0,66,7,0,40,1,3,0,7,23,3,30,26,9,1,22,1,0,244,37,0,1,3,55,4,1,52,12,17,17,1,122,98,1,12,6,0,3,9,9,8,14,250,0,12,0,6,1,4,3,57,12,0,4,110,22,0,1,3,1,2,15,3,5,195,18,9,4,7,1,5,4,0,17,9,0,2,23,5,1,5,264,9,0,2,168,1,1,1560,0,5,5,3,44,4,8,1,3,7,5,9,6,74,31,16,38,243,136,0,9,13,139,2,14,2,1,9,2,4,2
West Loop Gate,4,1,1,0,16,0,0,3,6,1,2,0,0,0,0,0,0,4,2,32,9,0,0,0,1,0,0,0,0,0,0,0,0,1,1,2,2,0,1,5,0,2,0,0,0,10,2,0,0,3,1,1,0,9,0,2,0,3,29,4,0,0,0,2,0,1,0,0,16,40,0,19,0,0,2,1,0,1,0,2,1,11,14,4,0,11,1,0,4,2,0,0,0,0,0,0,7,0,1,0,0,85,47,2,0,1,0,2,1,0,3,28,24,0,2,0,0,0,0,0,2,0,0,0,5,3,0,0,2,0,4,7,0,1,81,1,2,1,2,0,0,0,0,1,1,0,0,7,0,1,0,71,2,0,0,122,2,0,1034,0,1,0,0,9,0,0,0,1,0,3,1,0,0,1,6,4,2,254,0,1,1,45,0,1,0,0,1,0,2,0
West Morgan Park,1,0,0,0,11,2,0,0,4,0,0,0,0,3,0,0,0,15,9,124,1,0,0,5,0,0,0,0,1,1,4,5,4,1,0,2,3,0,0,0,0,0,0,0,0,2,1,2,2,0,1,0,0,1,0,3,0,0,5,2,0,2,0,1,0,0,1,0,1,18,0,5,2,0,3,1,16,1,0,6,0,0,5,1,0,1,1,0,10,3,0,0,0,0,0,0,0,1,24,18,0,11,10,1,0,0,0,0,1,0,1,2,20,0,1,0,2,1,0,0,6,0,0,0,5,1,0,0,0,0,0,0,0,0,5,0,2,0,8,0,0,0,0,4,2,0,0,1,2,0,0,24,9,0,0,24,1,0,305,0,0,0,0,1,0,0,0,0,15,3,0,0,0,3,0,1,1,9,26,0,1,6,0,3,0,0,1,2,0,0
West Pullman,9,23,9,1,78,22,12,10,81,7,10,1,0,31,0,2,10,84,41,385,23,6,5,29,0,27,7,1,22,27,31,9,5,2,6,12,32,16,21,19,0,18,7,10,5,16,21,80,41,0,45,7,21,26,7,43,4,12,41,8,27,48,1,4,23,12,6,0,14,134,1,120,6,0,16,0,2,3,7,102,8,21,28,13,0,30,0,7,37,25,14,3,4,62,6,4,11,6,121,19,6,139,131,1,6,4,0,1,4,2,7,24,252,0,14,0,7,8,1,3,27,13,1,13,55,3,1,3,4,21,3,35,1,1,373,14,20,11,169,18,7,0,0,8,10,1,3,49,32,26,4,356,79,1,45,242,3,1,2294,7,1,1,1,25,6,0,8,9,17,39,21,1,7,15,8,8,16,207,9,95,15,85,6,14,0,11,16,14,2,0
West Rogers Park,140,1,97,118,65,10,0,95,50,23,26,3,1,1,9,63,1,61,109,286,80,78,40,0,3,0,0,0,0,7,9,23,0,3,36,13,59,2,28,68,2,3,14,79,96,303,50,21,3,0,40,7,5,11,29,26,15,69,110,62,2,6,4,11,2,29,48,0,63,127,0,108,35,0,103,3,0,2,18,19,2,191,232,32,1,122,10,2,67,98,3,27,35,13,3,16,17,42,13,7,0,308,165,3,15,94,1,37,153,24,65,75,560,0,63,8,22,22,25,35,6,59,75,5,70,60,2,1,114,4,55,407,16,16,357,13,543,28,9,3,29,78,10,9,55,10,3,81,6,3,34,451,23,0,3,698,0,0,3210,0,2,6,5,38,130,0,2,3,4,9,0,17,5,13,13,23,2,239,0,0,1279,167,0,31,6,1,10,0,37,21
West Town,48,0,10,4,132,1,0,42,79,7,21,2,0,1,1,2,0,84,38,111,88,3,4,2,6,3,0,0,2,3,15,11,0,2,8,9,28,2,7,51,1,3,47,4,5,36,24,19,2,2,4,5,2,47,22,14,5,12,121,9,2,7,20,21,0,19,6,0,92,72,0,42,22,2,50,0,1,2,0,9,0,108,77,19,0,64,0,0,43,68,1,2,2,7,0,3,21,9,11,2,0,252,104,15,6,18,0,4,20,7,7,43,206,1,26,4,23,18,1,9,0,25,1,0,47,18,1,1,10,0,40,78,0,4,266,51,20,17,4,0,9,4,3,2,39,0,0,68,4,5,1,224,5,0,1,435,0,0,1554,1,8,26,4,29,10,0,0,12,1,3,0,4,18,5,24,43,34,223,0,0,17,756,2,88,0,0,4,0,21,14
West Woodlawn,8,0,3,2,29,0,3,6,36,0,3,1,0,3,0,0,4,19,7,98,10,1,0,6,0,3,0,0,19,2,1,1,4,3,0,1,7,5,6,12,0,0,3,0,0,4,9,22,0,2,6,2,7,10,5,10,0,2,24,6,22,5,0,5,4,1,1,0,4,113,1,22,1,0,3,0,0,3,1,7,0,12,9,4,0,14,0,2,9,2,0,0,7,8,0,0,6,6,20,1,0,48,37,0,1,2,4,0,3,1,1,7,96,2,4,0,2,2,1,0,2,3,1,7,14,6,0,1,0,0,5,10,1,0,107,7,15,2,6,1,3,4,0,0,1,5,6,24,5,9,2,130,25,0,15,102,2,0,541,4,5,0,0,13,0,0,5,8,8,3,5,0,0,1,0,1,2,69,0,1,8,28,11,0,0,0,36,12,0,0
Wicker Park,13,1,1,2,12,1,0,21,14,2,6,0,0,1,0,1,0,14,2,22,72,9,5,0,3,1,0,0,0,1,3,2,0,2,8,2,10,0,5,34,0,0,20,12,0,12,19,4,0,1,2,5,0,6,7,6,1,15,67,2,0,0,0,2,0,12,0,1,55,45,0,14,2,0,9,0,0,1,4,1,1,59,33,8,0,47,0,0,15,45,0,5,1,1,0,0,0,7,2,2,0,161,54,6,6,13,0,2,6,4,5,33,128,1,8,0,20,16,2,6,0,14,0,1,12,12,0,1,2,0,38,19,0,0,160,21,8,1,0,0,5,8,0,0,27,0,3,33,0,0,3,106,5,0,1,215,0,0,1221,0,0,1,1,14,0,0,0,1,0,1,1,2,0,2,7,13,0,138,1,0,5,113,0,219,1,0,0,1,11,16
Wildwood,7,0,8,1,10,0,0,4,1,0,9,1,0,0,3,0,1,4,2,21,4,1,0,0,0,0,0,0,1,0,0,0,0,0,8,0,14,0,3,7,0,0,2,18,1,10,6,0,0,0,2,0,0,0,3,0,0,0,16,6,0,2,0,0,0,4,1,0,1,3,0,9,2,0,27,0,0,0,0,1,0,13,15,0,0,10,0,0,6,6,0,0,0,1,0,0,0,8,0,1,0,18,12,0,0,3,0,4,17,4,25,12,54,0,0,0,0,0,4,0,0,9,0,1,5,11,0,0,6,0,5,14,2,1,45,6,10,1,0,0,9,4,4,0,0,0,0,1,0,0,1,39,0,0,0,48,0,0,389,1,1,0,4,7,1,0,0,0,0,0,0,3,0,1,1,2,0,21,0,0,1,19,0,0,41,0,0,0,4,0
Wolf Lake,2,2,0,0,14,0,1,3,7,4,1,1,0,3,0,0,5,7,4,80,3,0,0,5,0,5,6,0,0,9,3,0,1,3,2,3,4,0,0,3,0,21,1,0,0,2,1,6,2,0,1,2,2,9,1,3,1,2,10,2,1,5,0,3,0,0,0,0,4,32,0,9,3,0,4,0,3,0,1,62,0,4,6,1,0,3,0,6,2,4,0,0,0,0,0,0,3,2,7,3,0,13,17,1,3,0,1,0,3,0,0,1,38,0,2,0,1,1,1,1,2,3,0,1,11,1,0,2,0,2,0,7,0,0,12,2,0,1,1,2,0,0,0,0,1,1,2,5,20,0,0,32,4,0,0,28,10,0,220,0,1,0,0,8,2,0,0,1,0,0,0,1,0,6,0,0,1,15,2,5,0,12,0,1,0,99,2,0,0,0
Woodlawn,4,2,2,0,52,3,2,10,54,2,5,0,0,7,0,2,0,21,24,153,8,4,1,16,0,12,4,0,22,18,24,6,1,2,0,9,20,5,11,14,0,5,0,0,2,13,11,50,1,1,12,6,16,8,3,12,0,17,24,12,13,27,0,18,10,6,1,0,9,302,1,48,3,0,6,0,0,5,3,20,7,10,15,2,0,13,1,0,57,11,2,2,3,9,2,0,6,8,20,8,2,103,47,2,3,2,8,4,5,1,3,11,158,2,7,1,6,6,1,1,13,9,1,4,20,8,1,2,1,4,2,10,0,0,143,4,20,6,15,1,2,3,0,0,2,3,2,44,24,10,5,238,51,2,21,161,1,3,1071,1,0,2,0,11,8,0,1,14,2,18,5,0,0,10,3,4,1,110,1,2,11,64,10,4,0,0,117,12,2,2
Wrightwood,1,1,2,0,36,30,2,4,27,0,3,0,0,7,0,2,3,24,32,363,5,0,1,7,0,7,3,0,6,7,11,9,3,0,2,3,7,7,2,5,0,4,1,3,2,4,5,18,1,0,34,2,2,18,5,17,0,0,18,2,6,21,0,22,2,3,0,0,4,68,0,61,4,0,7,1,0,3,0,10,2,9,4,1,0,11,0,1,23,9,4,1,0,15,7,0,9,4,17,12,0,41,54,2,0,0,0,2,1,0,2,13,88,0,5,0,2,2,1,0,17,2,1,0,34,4,1,0,0,1,0,5,0,0,141,1,5,3,19,1,0,2,1,9,1,0,0,7,11,6,1,170,24,0,6,106,1,0,1211,1,1,1,1,6,2,0,0,3,1,12,1,0,7,5,5,3,10,86,0,0,2,31,1,4,0,0,8,32,1,0
Wrightwood Neighbors,4,1,2,3,21,0,0,12,0,1,12,1,0,0,0,0,0,14,9,13,34,5,0,0,1,0,0,0,0,1,1,3,0,1,1,0,2,0,0,6,0,0,5,0,1,23,7,5,0,0,1,0,0,3,1,9,0,8,66,3,1,0,2,2,0,5,1,0,10,43,0,9,1,0,6,0,0,0,3,4,0,50,52,5,0,66,0,0,1,15,0,0,0,1,0,0,0,3,0,0,0,151,38,0,3,15,0,0,4,1,6,42,46,0,4,0,13,14,3,0,2,39,0,1,12,5,0,0,0,0,16,32,1,0,124,4,4,3,1,0,2,0,0,2,26,0,0,16,0,3,4,58,1,0,0,273,0,0,1848,0,3,0,0,8,2,0,0,0,0,0,0,9,0,0,7,7,3,164,0,0,12,36,0,1,0,0,0,0,125,12
Wrigleyville,3,0,5,2,15,0,0,4,2,1,1,1,0,0,0,0,1,4,2,13,25,2,6,0,0,0,0,0,0,0,0,3,0,0,0,0,1,0,0,7,0,2,8,0,2,20,13,2,0,0,4,0,0,0,0,6,0,10,16,7,0,0,0,0,0,1,0,0,16,27,0,1,2,0,3,1,0,0,0,1,0,61,27,4,0,30,1,0,4,12,0,2,0,1,0,0,0,0,2,0,0,88,28,3,0,7,0,0,5,7,3,9,48,0,9,0,3,3,0,1,1,7,0,0,0,11,0,0,2,0,7,23,0,1,84,12,9,5,0,0,8,1,0,0,13,1,0,9,0,0,0,47,0,0,1,191,0,0,914,0,0,2,0,7,5,0,0,0,0,0,0,4,0,0,6,5,0,78,0,0,1,30,0,5,0,0,0,0,8,58
